port_id,country,port_name,latitude,longitude,colour
1635,Albania,Durres,41.31079164550268,19.451851844787598,yellow
1238,Algeria,Alger (Algiers),36.75980823406832,3.0703353881835938,yellow
2564,Algeria,Annaba,36.89566721442812,7.761014699935913,yellow
3050,Algeria,Arzew,35.85904828536271,-0.30196309089660645,yellow
1156,Algeria,Bejaia,36.74288628014559,5.079245567321777,yellow
2562,Algeria,Ghazaouet,35.10289080849909,-1.8617534637451172,yellow
2925,Algeria,Jijel (Djen Djen),36.822134075149194,5.892233848571777,yellow
3271,Algeria,Mostaganem,35.932676938629214,0.07354261416647745,yellow
1148,Algeria,Oran,35.712689013208475,-0.6338810920715332,yellow
1152,Algeria,Skikda,36.886683244922565,6.9036948680877686,yellow
1388,American Samoa,Pago Pago,-14.276065000895073,-170.68696796894073,yellow
2755,Angola,Cabinda,-5.547844411649101,12.192764282226562,yellow
1162,Angola,Lobito,-12.346248413877293,13.547837734222412,yellow
1,Angola,Luanda,-8.798591248229405,13.25300931930542,yellow
1636,Angola,Namibe,-15.193163482895498,12.132768630981445,yellow
2756,Angola,Sonils (Luanda),-8.787495481357187,13.270325660705566,yellow
1634,Anguilla,Road Bay,18.197875515236113,-63.09249758720398,yellow
2,Antigua and Barbuda,"St. Johns, AG",17.125113968414404,-61.85660004615784,yellow
1366,Argentina,Bahia Blanca,-38.790728700867874,-62.27727770805359,yellow
3,Argentina,Buenos Aires,-34.581346263221214,-58.36539387702942,yellow
1725,Argentina,Mar del Plata,-38.04583517879284,-57.53586173057556,yellow
1473,Argentina,Puerto Deseado,-47.75541075554951,-65.90713262557983,yellow
1241,Argentina,Puerto Madryn,-42.73527952156399,-65.02084493637085,yellow
2569,Argentina,Rosario,-32.976907101532014,-60.61751067638397,yellow
1472,Argentina,Ushuaia,-54.80912561400313,-68.30536007881165,yellow
4,Argentina,Zarate,-34.06558317357625,-59.03400421142578,yellow
5,Aruba,"Oranjestad, AW",12.479707108175651,-69.99780178070068,yellow
6,Australia,"Adelaide, SA",-34.76878840401372,138.48936080932617,yellow
7,Australia,"Bell Bay, TAS",-41.139606976316024,146.8560290336609,yellow
8,Australia,"Brisbane, QLD",-27.367575051830617,153.17359685897827,yellow
3037,Australia,"Burnie, TAS",-41.05079238455439,145.9116232395172,yellow
1242,Australia,"Darwin, NT",-12.4898418027379,130.88008403778076,yellow
10,Australia,"Fremantle, WA",-32.04320480225566,115.74641704559326,yellow
3169,Australia,"Gladstone, QLD",-23.832808283918844,151.26343822479248,yellow
11,Australia,"Hobart, TAS",-42.880166409825854,147.34114408493042,yellow
12,Australia,"Melbourne, VIC",-37.812004715604,144.9129617214203,yellow
13,Australia,"Sydney, NSW",-33.96844018228803,151.21508538722992,yellow
1391,Australia,"Townsville, QLD",-19.249185683365667,146.8350863456726,yellow
3192,Australia,"Townsville, QLD (RR)",-19.341105541199124,146.85961840696683,blue
2987,Austria,Enns (IP),48.235957580636814,14.50717806816101,blue
3043,Austria,Furnitz (RR),46.56508634029026,13.795738220214844,blue
2961,Austria,Graz (RR),46.93778093426797,15.468277931213379,blue
2909,Austria,Krems an der Donau (RR),48.405495659489276,15.648812055587769,blue
2643,Austria,Linz (RR),48.31080814036293,14.320474863052368,blue
2650,Austria,Salzburg (RR),47.82211670819329,13.001868724822998,blue
1548,Austria,Vienna (IP),48.1804523542665,16.46628499031067,blue
3042,Austria,Vienna (RR),48.13010034266082,16.36717200279236,blue
2642,Austria,Wels (RR),48.18674735211131,14.06773567199707,blue
3056,Austria,Wiener Neudorf (RR),48.066446012457455,16.338066017803726,blue
2652,Austria,Wolfurt (RR),47.45983239113197,9.731065034866333,blue
1423,Azerbaijan,Baku (RR),40.42562559680356,49.87164795398712,blue
1111,Bahamas,Freeport,26.52787577850719,-78.76562118530273,yellow
14,Bahamas,Nassau,25.084432870374727,-77.3578155040741,yellow
15,Bahrain,Khalifa Bin Salman Port,26.18603878988786,50.711774826049805,yellow
17,Bangladesh,Chittagong,22.300075468390673,91.79635047912598,yellow
18,Bangladesh,Dhaka (ICD),23.729991450798885,90.42736172676086,blue
1637,Bangladesh,Mongla,22.493268312483895,89.58977222442627,yellow
3156,Bangladesh,Pangaon (IP),23.657287353569643,90.45548656191636,blue
19,Barbados,Bridgetown,13.104861231553105,-59.629937410354614,yellow
1549,Belarus,Minsk (RR),53.81286358734508,27.574327125891614,blue
3200,Belarus,Vitebsk (RR),55.17584900492745,30.16690488310175,blue
20,Belgium,Antwerp,51.35124083448376,4.261493682861328,yellow
2839,Belgium,Athus (RR),49.5555281638951,5.82674503326416,blue
2619,Belgium,Avelgem (IP),50.75885729073904,3.450554609298706,blue
3195,Belgium,Beringen (IP),51.07258403968967,5.169831057080363,blue
3234,Belgium,Geel (IP),51.11677469885116,5.013936174670852,blue
2622,Belgium,Genk (IP),50.941778976697854,5.493260622024536,blue
2818,Belgium,Ghent (IP),51.114811439379906,3.752474784851074,blue
2881,Belgium,Grobbendonk (IP),51.183825469516975,4.705672860145569,blue
2623,Belgium,Liege (IP),50.60846958927995,5.569016933441162,blue
2621,Belgium,Meerhout (IP),51.09819282690125,5.100874900817871,blue
3266,Belgium,Oupeye (IP),50.72270745946656,5.674857152270403,blue
2863,Belgium,Rekkem (RR),50.77531603919784,3.200170397758484,blue
3149,Belgium,Vilvoorde (IP),50.94498013923841,4.421385765075684,blue
3186,Belgium,Wielsbeke (IP),50.89952091964986,3.364338838148715,blue
2620,Belgium,Willebroek (IP),51.07206386503415,4.365799427032471,blue
22,Belgium,Zeebrugge,51.34716666726569,3.1856489181518555,yellow
23,Belize,Belize City,17.473346740939824,-88.20101827383041,yellow
24,Benin,Cotonou,6.3477312536426425,2.420532703399658,yellow
25,Bermuda,Hamilton,32.29197586345719,-64.777911901474,yellow
1539,Bolivia,"Santa Cruz, BO (ICD)",-17.775124221900246,-63.12938868999481,blue
1509,Botswana,Gaborone (RR),-24.669901546408155,25.900086164474487,blue
26,Brazil,Belem,-1.4386715444954774,-48.49537968635559,yellow
27,Brazil,Fortaleza,-3.7093687659963983,-38.4745717048645,yellow
1056,Brazil,Imbituba,-28.2302029066251,-48.651301860809326,yellow
37,Brazil,"Itaguai, Sepetiba",-22.932280635302714,-43.83970856666565,yellow
28,Brazil,Itajai,-26.90151054044121,-48.6603569984436,yellow
2870,Brazil,Itapoá,-26.184710160832072,-48.601176738739014,yellow
1246,Brazil,Manaus,-3.1579991217409673,-59.99058723449707,yellow
3102,Brazil,Natal,-5.771078743982474,-35.205040484366805,yellow
2884,Brazil,Navegantes,-26.897999095354717,-48.66299629211426,yellow
29,Brazil,Paranagua,-25.500867207370558,-48.501527309417725,yellow
1057,Brazil,Pecem,-3.5344954715292762,-38.799333572387695,yellow
32,Brazil,Rio De Janeiro,-22.876708981050093,-43.20581674575806,yellow
33,Brazil,Rio Grande,-32.126743057018246,-52.10240364074707,yellow
34,Brazil,Salvador,-12.95852076693263,-38.50833535194397,yellow
35,Brazil,Santos,-23.96252878602626,-46.29621505737305,yellow
36,Brazil,Sao Francisco Do Sul,-26.238334292928233,-48.63528370857239,yellow
38,Brazil,Suape,-8.391778218770593,-34.96722936630249,yellow
2813,Brazil,Vila do Conde,-1.5367429402030683,-48.752710819244385,yellow
39,Brazil,Vitoria,-20.32370165444603,-40.32857894897461,yellow
1250,Brunei Darussalam,Muara,5.023252262217639,115.07056474685669,yellow
1108,Bulgaria,Burgas,42.4848840718379,27.45687246322632,yellow
3202,Bulgaria,Dragoman (RR),42.929724970344104,22.929121569997243,blue
40,Bulgaria,Varna,43.19040144143281,27.6470947265625,yellow
1510,Burkina Faso,Ouagadougou (RR),12.375278379184392,-1.5248358249664307,blue
41,Cambodia,Phnom Penh (IP),11.475058489922668,105.14353139094705,blue
42,Cambodia,Sihanoukville,10.647459727434269,103.50829124450684,yellow
43,Cameroon,Douala,4.04252881480451,9.677131175994873,yellow
3101,Cameroon,Kribi,2.726416359528028,9.85934051000504,yellow
2817,Cameroon,Ngaoundere (RR),7.352853177815725,13.575523495674133,blue
3047,Canada,"Argentia, NL",47.29572001553308,-53.98413419723511,yellow
44,Canada,"Calgary, AB (RR)",50.95649391706827,-113.94461631774902,blue
3206,Canada,"Corner Brook, NL",48.961319341817884,-57.941298195611445,yellow
2885,Canada,"Delta, Vancouver, BC",49.01838162094594,-123.15187811851501,yellow
45,Canada,"Edmonton, AB (RR)",53.4711959875307,-113.48879098892212,blue
46,Canada,"Halifax, NS",44.6296648157355,-63.56191635131836,yellow
47,Canada,"Montreal, QC",45.58636077471564,-73.50395321846008,yellow
2800,Canada,"Montreal, QC (RR)",45.45913729436689,-73.70980739593506,blue
3060,Canada,"Nanaimo, BC",49.14907311879302,-123.87749539947384,yellow
3001,Canada,"Prince George, BC (RR)",53.91791288831884,-122.73509502410889,blue
2804,Canada,"Prince Rupert, BC",54.28524536689595,-130.36089420318604,yellow
2579,Canada,"Regina, SK (RR)",50.45377441095917,-104.60960626602173,blue
2669,Canada,"Saint John, NB",45.26439103850468,-66.0651683807373,yellow
1097,Canada,"Saskatoon, SK (RR)",52.10599119868494,-106.74635052680969,blue
49,Canada,"Toronto, ON (RR)",43.7402667495423,-79.68334436416626,blue
50,Canada,"Vancouver, BC",49.28953033025395,-123.09605598449707,yellow
2802,Canada,"Vancouver, BC (RR)",49.240241603034164,-122.71951675415039,blue
51,Canada,"Winnipeg, MB (RR)",49.92710044347487,-97.18487620353699,blue
1251,Cape Verde,"Mindelo, Sao Vicente",16.888903607412274,-24.99835431575775,yellow
1735,Cape Verde,Palmeira,16.754259451373606,-22.98211097717285,yellow
52,Cape Verde,Praia,14.910066566924796,-23.499063849449158,yellow
1252,Cayman Islands,"George Town, KY",19.295023248942012,-81.38456225395203,yellow
54,Chile,Antofagasta,-23.65045044768605,-70.4073429107666,yellow
55,Chile,Arica,-18.47340181531309,-70.32793879508972,yellow
2773,Chile,Coronel,-37.03339172473637,-73.15259456634521,yellow
57,Chile,Iquique,-20.20399091121262,-70.15771508216858,yellow
1061,Chile,Lirquen,-36.708132356181345,-72.9886794090271,yellow
1365,Chile,Puerto Angamos (Mejillones),-23.06668285396322,-70.38800954818726,yellow
3083,Chile,Puerto Chacabuco,-45.46832159448664,-72.81939882009311,yellow
3147,Chile,Puerto Montt,-41.52766051874043,-73.03880183690671,yellow
1363,Chile,Punta Arenas,-53.12533708588248,-70.8577823638916,yellow
59,Chile,"San Antonio, CL",-33.590903177050016,-71.62078499794006,yellow
60,Chile,San Vicente / Talcahuano,-36.73148968947946,-73.13746690750122,yellow
62,Chile,Valparaiso,-33.03163903141403,-71.62673950195312,yellow
2490,China,"Alashankou, XJ (RR)",45.152006624707305,82.57134318351746,blue
2949,China,"Anji, ZJ (IP)",30.713393303217778,119.69943523406982,blue
3164,China,"Anning, YN (RR)",24.90718446071888,102.52070459124775,blue
1133,China,"Anqing, AH (IP)",30.504014130492184,117.08009719848633,blue
3278,China,"Beihai Tieshan, GX",21.489853386316028,109.55614691566205,yellow
64,China,"Beihai, GX",21.473627358561806,109.06146168708801,yellow
3170,China,"Bengbu, AH (IP)",32.94898408724042,117.32076088879387,blue
3105,China,"Changde, HN (IP)",29.00298055598585,111.70211785549714,blue
2890,China,"Changsha, HN (IP)",28.32048980067937,112.92890667915344,blue
69,China,"Changshu, JS (IP)",31.766632014005353,120.94024658203125,blue
70,China,"Changzhou, JS (IP)",31.919789708642675,120.17145574092865,blue
2742,China,"Chengdu, SC (RR)",30.69406261418641,104.11373555660248,blue
73,China,"Chiwan, GD",22.46467732275274,113.87599468231201,yellow
3158,China,"Chizhou, AH (IP)",30.73641868629465,117.53937343497773,blue
74,China,"Chongqing, CQ (IP)",29.50442518484436,106.53187572956085,blue
2677,China,"Da Chan Bay, GD",22.53281406833682,113.85427951812744,yellow
2858,China,"Dafeng, JS",33.28496078342027,120.81094264984131,yellow
75,China,"Dalian, LN",39.001159803826816,121.88429832458496,yellow
3104,China,"Dandong, LN",39.81315426544525,124.14902701910125,yellow
2886,China,"Erenhot, NM (RR)",43.64995324225196,111.99053049087524,blue
2673,China,"Fangcheng, GX",21.597676848191124,108.32784533500671,yellow
80,China,"Foshan, GD (IP)",22.976732414177416,113.10332000255585,blue
3108,China,"Fuling, CQ (IP)",29.737569095203327,107.35951425431972,blue
81,China,"Fuqing, FJ",26.00483996397265,119.47762727737427,yellow
82,China,"Fuzhou, FJ",25.414438906948742,119.28929328918457,yellow
3076,China,"Gaoming, GD (IP)",22.8732919895431,112.90645790100098,blue
3188,China,"Guiyang, GZ (RR)",26.452213454523836,106.73549610832765,blue
3216,China,"Haian, JS (RR)",32.55828958405995,120.50599531280925,blue
86,China,"Haikou, HI",20.03336450626195,110.281662940979,yellow
3175,China,"Hangzhou, ZJ (RR)",30.095109956730703,120.25860266701352,blue
2737,China,"Harbin, HL (RR)",45.75964161788077,126.70839071273804,blue
2918,China,"Hefei, AH (IP)",31.803439669523264,117.38239288330078,blue
87,China,"Heshan, GD (IP)",22.802522013044463,113.00365447998047,blue
2718,China,"Hohhot, NM (RR)",40.82073521705836,111.62212371826172,blue
2891,China,"Huadu, GD (IP)",23.349161016011283,113.12860786914825,blue
3034,China,"Huanghua, HE",38.34068005777816,117.85540580749512,yellow
88,China,"Huangpu, Guangzhou, GD",23.01266745247393,113.5286808013916,yellow
3157,China,"Huinong, NX (RR)",39.266012119890306,106.72837690581036,blue
89,China,"Huizhou, GD",22.695654681998647,114.55804824829102,yellow
3184,China,"Huzhou, ZJ (RR)",30.893137333862136,120.0036933205746,blue
90,China,"Jiangmen, GD (IP)",22.62550889420481,113.09818089008331,blue
3177,China,"Jilin, JL (RR)",43.815606868762075,126.50351357913064,blue
2889,China,"Jingzhou, HB (IP)",30.273235567793325,112.28282153606415,blue
2716,China,"Jinzhou, LN",40.80611103729866,121.05609655380249,yellow
2897,China,"Jiujiang, JX (IP)",29.724936569115105,115.8903980255127,blue
2722,China,"Kouanzhen, JS (IP)",32.28820288192345,119.85485315322876,blue
1677,China,"Kunming, YN (RR)",24.92291063621621,102.81991313188473,blue
2740,China,"Lanzhou, GS (RR)",36.070634555967885,103.75064492225647,blue
2738,China,"Lhasa, XZ (RR)",29.645761349028085,90.95056414604187,blue
96,China,"Lianyungang, JS",34.745425421851905,119.42528128623962,yellow
2717,China,"Longkou, SD",37.66116352011747,120.30853271484375,yellow
2857,China,"Luzhou, SC (IP)",28.884568735610447,105.53402423858643,blue
1679,China,"Maanshan, AH (IP)",31.718165123807143,118.4531843662262,blue
2266,China,"Manzhouli, NM (RR)",49.57425369546924,117.48226761817932,blue
3106,China,"Maoming, GD",21.47768545193536,111.07375262597975,yellow
1681,China,"Nanchang, JX (IP)",28.763285844057947,115.90020418167114,blue
3017,China,"Nanhai, GD (IP)",23.04505362349805,113.24689328670502,blue
100,China,"Nanjing, JS (IP)",32.20958761511192,119.06023263931274,blue
2741,China,"Nanning, GX (RR)",22.82415046009571,108.30251455307007,blue
101,China,"Nansha, Guangzhou, GD",22.651086309929948,113.68133068084717,yellow
102,China,"Nantong, JS (IP)",31.967372614032453,120.8599305152893,blue
103,China,"Ningbo, ZJ",29.9444856776648,121.83990240097046,yellow
3111,China,"Panjin, LN",40.691147859714206,121.99999830955733,yellow
3218,China,"Qidong, JS",32.079398839123506,121.63815377404245,yellow
105,China,"Qingdao, SD",36.009264700756106,120.20753145217896,yellow
3222,China,"Qingyuan, GD (IP)",23.690856451994836,113.00278889782783,blue
1683,China,"Qinhuangdao, HE",39.90126331725661,119.58264112472534,yellow
2905,China,"Qinzhou , GX",21.680081565901084,108.63727569580078,yellow
107,China,"Quanzhou, FJ",24.81758840932394,118.72066497802734,yellow
1761,China,"Rizhao, SD",35.36914252677808,119.53444182872772,yellow
3281,China,"Rugao, JS (IP)",32.037509046194316,120.57890950856782,blue
1684,China,"Sanbu, GD (IP)",22.372660888628523,112.71502196788788,blue
3066,China,"Sanshui, GD (IP)",23.162071656044827,112.85741701533902,blue
111,China,"Shanghai, SH",30.62549534252775,122.05595970153809,yellow
112,China,"Shantou, GD",23.351470871517268,116.7194151878357,yellow
3171,China,"Shaoxing, ZJ (IP)",30.01307205679005,120.6701411409133,blue
2714,China,"Shatian, Dongguan, GD",22.863778859528917,113.57247591018677,yellow
114,China,"Shekou, GD",22.45438550138867,113.89444828033447,yellow
3080,China,"Shidao, SD",36.87917220585724,122.44312994445693,yellow
3210,China,"Shijiazhuang, HE (RR)",37.60789871717161,114.5905253483791,blue
108,China,"Shunde, GD (IP)",22.784426443113073,113.28596770763397,blue
2668,China,"Taicang, JS (IP)",31.64512498449584,121.2216854095459,blue
3075,China,"Taishan, GD (IP)",22.436521791919173,112.77777349988173,blue
2986,China,"Taizhou / Damaiyu, JS",28.088640339496454,121.13748550415039,yellow
1673,China,"Taizhou / Haimen, JS",28.686691177833023,121.45361065864563,yellow
1831,China,"Tangshan, HE",39.21399274321147,118.99893879890442,yellow
3110,China,"Tengxian, GX (IP)",23.428489146358668,111.14435023816748,blue
3163,China,"Tongling, AH (IP)",30.87653187777252,117.73753236388848,blue
3185,China,"Tumen, JL (RR)",42.966101911412984,129.83258730244512,blue
2736,China,"Urumqi, XJ (RR)",43.878260277908375,87.3989599943161,blue
2898,China,"Wanzhou, CQ (IP)",30.779934838257972,108.41041713953018,blue
1843,China,"Weihai, SD",37.44678861856886,122.19328880310059,yellow
2721,China,"Weitangzhen, JS (IP)",31.992544754672323,119.97913599014282,blue
2859,China,"Weitou, FJ",24.516592805675554,118.55847716331482,yellow
124,China,"Wenzhou, ZJ",27.9966750251692,120.88356614112854,yellow
125,China,"Wuhan, HB (IP)",30.66912671958704,114.54437971115112,blue
126,China,"Wuhu, AH (IP)",31.39588775298238,118.3459335565567,blue
3140,China,"Wuzhou, GX (IP)",23.478253275930715,111.35622721651453,blue
2735,China,"Xi An, SN (RR)",34.27783105258828,108.91203045845032,blue
128,China,"Xiamen, FJ",24.44613870892667,118.0121648311615,yellow
132,China,"Xingang (Tianjin), TJ",38.990870290828745,117.78948783874512,yellow
133,China,"Xinhui, GD (IP)",22.444717632210512,113.04105520248413,blue
2899,China,"Yangpu, HI",19.729826266562178,109.19491767883301,yellow
143,China,"Yangzhou, JS (IP)",32.27320009948135,119.45385754108429,blue
135,China,"Yantai, SD",37.58045833786173,121.37856245040894,yellow
136,China,"Yantian, GD",22.573893980363533,114.26676034927368,yellow
3179,China,"Yibin, SC (IP)",28.79072582169702,104.76613377956414,blue
3007,China,"Yichang, HE (IP)",30.260357270073047,111.58519479594482,blue
137,China,"Yingkou (Bayuquan), LN",40.27733204715075,122.0941972732544,yellow
3167,China,"Yiwu, ZJ (RR)",29.310734539211584,119.9700200165206,blue
2860,China,"Yueyang, HN (IP)",29.4748163282589,113.17473649978638,blue
3074,China,"Yunfu, GD (IP)",23.070875321665106,112.03612767228628,blue
138,China,"Zhangjiagang, JS (IP)",31.968041594270673,120.41720509529114,blue
139,China,"Zhanjiang, GD",21.16595109008865,110.40562927722931,yellow
141,China,"Zhaoqing, GD (IP)",23.040610859426522,112.42202281951904,blue
2855,China,"Zhapu / Jiaxing, ZJ",30.583285168733482,121.07742547988892,yellow
2739,China,"Zhengzhou, HA (RR)",34.73640415836155,113.6892968416214,blue
3067,China,"Zhenjiang, JS (IP)",32.19093311987051,119.62895064435429,blue
2719,China,"Zhongshan, GD (IP)",22.573284707825106,113.490030169487,blue
2953,China,"Zhuhai (Gaolan), GD",21.9395425292792,113.22664260864258,yellow
145,China,"Zhuhai (Jiuzhou), GD",22.240705368842377,113.58283460140228,yellow
1085,Colombia,Barranquilla,10.969041884766959,-74.75864768028259,yellow
1542,Colombia,Bogota (ICD),4.731056955259231,-74.23975891642897,blue
148,Colombia,Buenaventura,3.8937234375162375,-77.07400560379028,yellow
3128,Colombia,Cali (ICD),3.5413032160389815,-76.49747771677937,blue
149,Colombia,"Cartagena, CO",10.404986499106924,-75.5359411239624,yellow
3127,Colombia,Medellin (ICD),6.07474142873139,-75.62990166981831,blue
150,Colombia,Santa Marta,11.250601628288308,-74.2155647277832,yellow
3095,Colombia,Turbo,8.077417897413563,-76.72248342443385,yellow
1258,Comoros,Moroni,-11.704200147894408,43.248023986816406,yellow
1259,Comoros,Mutsamudu,-12.167344701516742,44.39221143722534,yellow
1515,Congo,Brazzaville (RR),-4.261598293661133,15.292577147483826,blue
152,Congo,Pointe Noire,-4.778850585777262,11.827876567840576,yellow
2844,Congo (Democratic Republic of the),Boma,-5.860092645717648,13.054279088973999,yellow
1516,Congo (Democratic Republic of the),Kinshasa (RR),-4.338366350951436,15.337944030761719,blue
1053,Congo (Democratic Republic of the),Matadi,-5.822907482673829,13.450468182563782,yellow
3274,Cook Islands,Rarotonga,-21.203857749568307,-159.7841506306586,yellow
2888,Costa Rica,Moin,10.010256757756805,-83.0982223379832,yellow
1593,Costa Rica,Puerto Caldera,9.912461017381597,-84.72182035446167,yellow
1261,Croatia,Ploce,43.046124621807714,17.426365613937378,yellow
154,Croatia,Rijeka,45.31950417787975,14.451913833618164,yellow
2921,Croatia,Split,43.52781329727077,16.47071599960327,yellow
2852,Cuba,Mariel,23.006041152268573,-82.76200532913208,yellow
3004,Cuba,Santiago de Cuba,20.026983945907414,-75.8415412902832,yellow
1071,Curacao,Willemstad,12.114638160055769,-68.91411423683167,yellow
2959,Cyprus,Famagusta,35.1309124928559,33.94198179244995,yellow
157,Cyprus,Limassol,34.64737967345658,33.01417350769043,yellow
2963,Czech Republic,Brno (RR),49.16208403920801,16.609150171279907,blue
2907,Czech Republic,Ceska Trebova (RR),49.881473171426656,16.46198272705078,blue
2688,Czech Republic,Horni Mostenice (RR),49.41814861855131,17.452688813209534,blue
3144,Czech Republic,Lovosice (RR),50.50546886350729,14.071925190178717,blue
2661,Czech Republic,Melnik (RR),50.365872830118626,14.457975625991821,blue
2910,Czech Republic,Ostrava (RR),49.79203541705129,18.398226499557495,blue
3026,Czech Republic,Paskov (RR),49.741522129850644,18.28726351261139,blue
2687,Czech Republic,Plzen / Nyrany (ICD),49.7249161424582,13.216359615325928,blue
158,Czech Republic,"Prague, Uhrineves (RR)",50.039350242101094,14.578653573989868,blue
2686,Czech Republic,"Prague, Zizkov (RR)",50.085464869365914,14.4727224111557,blue
2911,Czech Republic,Ustí nad Labem (RR),50.66228193627384,14.074312448501587,blue
2651,Czech Republic,Zlin (RR),49.21735533038492,17.759050726890564,blue
1723,Denmark,Aalborg,57.04819454102975,10.056706666946411,yellow
163,Denmark,Aarhus,56.153772800165136,10.239644050598145,yellow
159,Denmark,Copenhagen,55.710564175145294,12.604665756225586,yellow
160,Denmark,Esbjerg,55.46589987127805,8.431923687458038,yellow
161,Denmark,Fredericia,55.557743263960326,9.745731353759766,yellow
2593,Denmark,Hoeje Taastrup (RR),55.640831900736984,12.25050151348114,blue
2799,Denmark,Kalundborg,55.674632170241445,11.095762252807617,yellow
3036,Denmark,Taulov (RR),55.54680726845558,9.662604331970215,blue
1120,Djibouti,Djibouti,11.598494678421515,43.10691833496094,yellow
1082,Dominica,Roseau,15.311785037904984,-61.39004588127136,yellow
1058,Dominican Republic,Caucedo,18.424814771921678,-69.63016748428345,yellow
1707,Dominican Republic,Puerto Plata,19.80068025766394,-70.70121645927429,yellow
164,Dominican Republic,Rio Haina,18.424081891899988,-70.01814365386963,yellow
2776,Ecuador,Esmeraldas,0.9901900880651344,-79.64944124221802,yellow
194,Ecuador,Guayaquil,-2.2838645603248673,-79.90167617797852,yellow
3178,Ecuador,Posorja,-2.691620361795084,-80.24697923793678,yellow
3094,Ecuador,Puerto Bolivar,-3.256572360937814,-80.00161269132917,yellow
165,Egypt,Alexandria,31.189510357509807,29.87407922744751,yellow
166,Egypt,Damietta,31.461706152213413,31.758041381835938,yellow
3276,Egypt,October Dry Port (ICD),29.82083317151552,30.668095345038815,blue
167,Egypt,Port Said,31.209112706385106,32.35454320907593,yellow
2566,Egypt,Sokhna,29.652810373562996,32.350637912750244,yellow
1091,El Salvador,Acajutla,13.575517527379862,-89.84047293663025,yellow
1284,Equatorial Guinea,Bata,1.8250311027997856,9.738843441009521,yellow
1270,Equatorial Guinea,Malabo,3.7596015716895597,8.778226375579834,yellow
1454,Eritrea,Massawa,15.613990569797132,39.47934329509735,yellow
3031,Estonia,Sillamae,59.41910335532109,27.72648811340332,yellow
195,Estonia,"Tallinn, Muuga",59.490477706743924,24.96917724609375,yellow
3150,Faroe Islands,Kollafjordur,62.09892970561068,-6.937709585768403,yellow
196,Faroe Islands,Thorshavn,62.006119805140735,-6.764981746673584,yellow
1271,Fiji,Lautoka,-17.604225318378703,177.4380397796631,yellow
1272,Fiji,Suva,-18.132199790014642,178.42376232147217,yellow
197,Finland,Hamina,60.52557849365727,27.168846130371094,yellow
199,Finland,Helsinki,60.21347140562319,25.19040584564209,yellow
3068,Finland,Kemi,65.66627559211307,24.515113588445956,yellow
3065,Finland,Kokkola,63.84449242113801,23.01820666565459,yellow
201,Finland,Kotka,60.42146878304812,26.909315586090088,yellow
3005,Finland,Mantyluoto,61.59743624358861,21.469130516052246,yellow
2836,Finland,Oulu,64.99833370370655,25.413683652877808,yellow
204,Finland,Rauma,61.13080050108435,21.433231830596924,yellow
2923,Finland,Roytta,65.75270154728048,24.159793853759766,yellow
2759,France,Bassens,44.907638921454655,-0.5396389961242676,yellow
3237,France,Bonneuil-sur-Marne (IP),48.78457153975657,2.483409897976001,blue
2663,France,Bordeaux (RR),44.79039015911545,-0.5471223592758179,blue
2758,France,Brest,48.383005316553096,-4.4649553298950195,yellow
3052,France,Bruay-sur-Escaut (IP),50.392574197990946,3.546847266146983,blue
2595,France,Dourges (IP),50.44895827147184,2.980320453643799,blue
209,France,Dunkirk (Dunkerque),51.01237766255391,2.1797990798950195,yellow
210,France,Fos-sur-Mer,43.409162923843446,4.849004745483398,yellow
2630,France,Gennevilliers (IP),48.940557318855085,2.268451452255249,blue
3025,France,Gerzat (RR),45.824090834590386,3.139214515686035,blue
213,France,Le Havre,49.45717874599814,0.16124406620394893,yellow
2594,France,Lille (IP),50.62553928908649,3.02248477935791,blue
1695,France,Lyon (IP),45.71704214431977,4.823341369628906,blue
2631,France,Macon (IP),46.28102629705491,4.821270704269409,blue
1140,France,Marseille,43.34662181514792,5.337703227996826,yellow
214,France,Montoir-de-Bretagne,47.29628029943742,-2.1524620056152344,yellow
2597,France,Ottmarsheim (IP),47.79118196260105,7.527072429656982,blue
2893,France,Radicatel (IP),49.485391557313626,0.4861021041870117,blue
1277,France,Rouen (IP),49.35308480597919,0.9789419174194336,blue
2596,France,Strasbourg (IP),48.540555750866254,7.794177532196045,blue
2637,France,Toulouse (RR),43.70262970587179,1.3945502042770386,blue
3235,France,Valenton (RR),48.76111097923796,2.4851683168414773,blue
1280,French Guiana,Degrad des Cannes,4.852495276111455,-52.274848222732544,yellow
1046,French Polynesia,Papeete,-17.537127771034815,-149.57491993904114,yellow
2679,Gabon,Libreville,0.2839052980210179,9.503377676010132,yellow
1235,Gabon,Port Gentil,-0.6890965266736305,8.775930404663086,yellow
219,Gambia,Banjul,13.444617359922042,-16.57266139984131,yellow
2809,Georgia,Batumi,41.64875329674014,41.6561758518219,yellow
1106,Georgia,Poti,42.154511823319986,41.66416883468628,yellow
2607,Germany,Andernach (IP),50.44113526971432,7.426382303237915,blue
2611,Germany,Aschaffenburg (IP),49.96848211139264,9.10542368888855,blue
3135,Germany,Augsburg (RR),48.38381108196562,10.870078001170214,blue
2851,Germany,Bad Salzuflen (ICD),52.04494220366409,8.760266304016113,blue
3255,Germany,Bamberg (RR),49.90994266459117,10.872588981546016,blue
3160,Germany,Beiseforth (RR),51.091814565662695,9.545683444212841,blue
1555,Germany,Berlin (IP),52.536684171965724,13.331705331802368,blue
2606,Germany,Bonn (IP),50.75904053687704,7.0895397663116455,blue
3261,Germany,Braunschweig (IP),52.31385833799578,10.47629250145602,blue
3100,Germany,Bremen (IP),53.10101406303474,8.767477834323927,blue
223,Germany,Bremerhaven,53.58200933258414,8.529939651489258,yellow
3148,Germany,Burghausen (RR),48.19103921176468,12.820321321487427,blue
2605,Germany,Cologne (IP),50.97890547469957,6.978507041931152,blue
2784,Germany,Cuxhaven,53.8616893690065,8.725172281265259,yellow
2602,Germany,Dortmund (IP),51.527643889356106,7.439144155205506,blue
2887,Germany,Dresden (RR),51.05445876649235,13.701839447021484,blue
2603,Germany,Duisburg (IP),51.45519693053655,6.7513346672058105,blue
2659,Germany,Duisburg Altstadt (IP),51.42931701812364,6.7365288734436035,blue
2604,Germany,Dusseldorf (IP),51.21892379096783,6.739393472671509,blue
2601,Germany,Emmelsum (IP),51.630871516216246,6.604886054992676,blue
2600,Germany,Emmerich am Rhein (IP),51.82947239017262,6.252046823501587,blue
2610,Germany,Frankfurt am Main (IP),50.109226317584856,8.718423843383789,blue
2658,Germany,Frankfurt Hochst (IP),50.083506304110884,8.527606129646301,blue
2613,Germany,Germersheim (IP),49.2335025867303,8.379446268081665,blue
2964,Germany,Gernsheim (IP),49.754647497335185,8.478484153747559,blue
2882,Germany,Ginsheim-Gustavsburg (IP),49.99642602146099,8.304618000984192,blue
3119,Germany,Glauchau (RR),50.82974260071113,12.549389065532296,blue
3039,Germany,Grossbeeren (RR),52.366723350696425,13.291858434677124,blue
3155,Germany,Halle (RR),51.52587687328477,11.932438317048764,blue
233,Germany,Hamburg,53.53197354802636,9.91518259048462,yellow
2849,Germany,Hof (RR),50.30672662969378,11.923062801361084,blue
2615,Germany,Karlsruhe (IP),49.01611592854145,8.322218656539917,blue
2616,Germany,Kehl (IP),48.595833018132005,7.8152114152908325,blue
2608,Germany,Koblenz (IP),50.39387257245477,7.590828537940979,blue
2628,Germany,Kornwestheim (RR),48.857716415336206,9.165140390396118,blue
2880,Germany,Krefeld (IP),51.346791396802814,6.662768125534058,blue
2634,Germany,Leipzig (RR),51.38914403902417,12.302005290985107,blue
2635,Germany,Lubeck,53.903709238433045,10.77034056186676,yellow
2653,Germany,Ludwigshafen am Rhein (IP),49.45886389910814,8.438626527786255,blue
2609,Germany,Mainz (IP),50.01833240277541,8.257389664649963,blue
2612,Germany,Mannheim (IP),49.493232068610624,8.44996690750122,blue
2633,Germany,Munich (RR),48.145522539797874,11.699768900871277,blue
2645,Germany,Neuss (IP),51.21517725660105,6.708843111991882,blue
2644,Germany,Nurnberg (RR),49.39471294715032,11.05224609375,blue
3224,Germany,Osnabruck (RR),52.30150730427584,8.024024795656896,blue
2629,Germany,Regensburg (RR),48.99972528767454,12.143540382385254,blue
2988,Germany,Schkopau (RR),51.388202460001665,11.964964270591736,blue
3041,Germany,Schweinfurt (RR),50.034068217229134,10.212457180023193,blue
2660,Germany,Sturzelberg (IP),51.14171054615744,6.8051183223724365,blue
2618,Germany,Stuttgart (IP),48.770010901797356,9.257045750891887,blue
3054,Germany,Trier (IP),49.797423925670564,6.696306565712121,blue
2865,Germany,Ulm (RR),48.45899934194271,9.974470138549805,blue
2617,Germany,Weil am Rhein (IP),47.606705563118744,7.590748071670532,blue
3120,Germany,Wiesau (RR),49.91103471619045,12.191884749394603,blue
2805,Germany,Wilhelmshaven,53.59367647233001,8.153486251831055,yellow
2614,Germany,Worth am Rhein (IP),49.057198994966114,8.298250436782837,blue
241,Ghana,Takoradi,4.887478640645278,-1.7474055290222168,yellow
242,Ghana,Tema,5.624634399604556,0.008540153503417969,yellow
3097,Greece,Heraklion,35.34462623925143,25.148693784130614,yellow
243,Greece,Piraeus,37.953969152733364,23.588440418243408,yellow
245,Greece,Thessaloniki (Salonika),40.63370782651746,22.905292510986328,yellow
1154,Greece,Volos,39.357460469510045,22.936652898788452,yellow
2789,Greenland,Aasiaat / Egedesminde,68.70936025332199,-52.87338852882385,yellow
2790,Greenland,Ilulissat / Jakobshavn,69.22233664101466,-51.09523952007294,yellow
2763,Greenland,Kangerlussuaq / Sondre Stromfjord,66.96863217597836,-50.94901084899902,yellow
2762,Greenland,Maniitsoq / Sukkertoppen,65.4116803345601,-52.89936304092407,yellow
2761,Greenland,Nanortalik,60.139720640641485,-45.23750424385071,yellow
2748,Greenland,Nuuk / Godthaab,64.16820507070055,-51.723750829696655,yellow
2752,Greenland,Paamiut / Fredrikshaab,61.9954595178101,-49.67586278915405,yellow
2753,Greenland,Qaqortoq / Julianehaab,60.71739428310999,-46.03616952896118,yellow
2791,Greenland,Qasigiannguit / Christianshaab,68.81489388082576,-51.200918555259705,yellow
2760,Greenland,Sisimiut / Holsteinsborg,66.94234587332672,-53.67300868034363,yellow
246,Grenada,St. Georges,12.047651752770399,-61.74995541572571,yellow
1282,Guadeloupe,Basse-Terre,15.996655567844568,-61.733808517456055,yellow
1283,Guadeloupe,"Gustavia, St. Barthelemy",17.902312053704634,-62.853137254714966,yellow
248,Guadeloupe,Pointe-a-Pitre,16.230364010693812,-61.542255878448486,yellow
1481,Guam,Guam,13.460383844404168,144.67033982276917,yellow
249,Guatemala,Guatemala City (ICD),14.541054796020124,-90.60745648664812,blue
1089,Guatemala,Puerto Barrios,15.734906668635858,-88.60795497894287,yellow
1088,Guatemala,Puerto Quetzal,13.92822014310637,-90.79116773009662,yellow
250,Guatemala,Puerto Santo Tomas De Castilla,15.696384091953073,-88.61658096313477,yellow
252,Guinea,Conakry,9.511751377408979,-13.722631931304932,yellow
251,Guinea-Bissau,Bissau,11.858672918925429,-15.576805472373962,yellow
253,Guyana,"Georgetown, GY",6.806840880449627,-58.169463872909546,yellow
2575,Haiti,Cap Haitien,19.75861591731086,-72.19588816165924,yellow
3112,Haiti,Lafiteau,18.693647807781897,-72.3654687696403,yellow
254,Haiti,Port-au-Prince,18.555970225579948,-72.3493480682373,yellow
2943,Honduras,Puerto Castilla,16.004875172010475,-85.9700345993042,yellow
255,Honduras,Puerto Cortes,15.842297522823706,-87.94495582580566,yellow
3030,Honduras,San Lorenzo,13.401601202722235,-87.42334127426147,yellow
256,Hong Kong,Hong Kong,22.33321088284204,114.11749005317688,yellow
257,Hungary,Budapest (RR),47.44548959309129,19.065678119659424,blue
2670,Iceland,Grundartangi,64.35655380800304,-21.77618980407715,yellow
258,Iceland,Reykjavik,64.15013076330644,-21.855454444885254,yellow
3258,India,Adani / Kila Raipur (ICD),30.747018413225028,75.82769049911792,blue
2592,India,Agra (ICD),27.18725380047604,78.03385019302368,blue
1163,India,Ahmedabad (ICD),23.088496127755242,72.57787227630615,blue
2793,India,Amingaon (ICD),26.186163949815167,91.68331146240234,blue
2902,India,Ankleshwar (ICD),21.631617269475775,73.00319820642471,blue
259,India,Bangalore (ICD),12.991647133654915,77.74226188659668,blue
3028,India,Bhusawal (RR),21.046032072527346,75.81496596336365,blue
3057,India,Borkhedi (ICD),20.87177378524842,78.98258129821238,blue
3152,India,Chawapayal (RR),30.755840815069714,76.1361767152373,blue
262,India,Chennai (Madras),13.106274511837592,80.29963552951813,yellow
263,India,Cochin (Kochi),9.977409646454316,76.25202655792236,yellow
2967,India,Coimbatore / Irugur (ICD),11.025753046711003,77.07450717687607,blue
1700,India,Dadri (ICD),28.52616995503673,77.53852128982544,blue
2965,India,Daulatabad / Aurangabad (ICD),19.915958116284557,75.20985424518585,blue
2847,India,"Faridabad, Delhi (ICD)",28.309122523627575,77.31448173522949,blue
2696,India,Garhi Harsaru / Gurgaon (ICD),28.43082655355882,76.91933870315552,blue
266,India,Haldia,22.03690779155009,88.08676958084106,yellow
2827,India,Hazira,21.085200820366563,72.62932777404785,yellow
267,India,Hyderabad (ICD),17.462954048329873,78.42106461524963,blue
1751,India,Jaipur (ICD),26.93069340737325,75.71179211139679,blue
3259,India,Jhattipur / Haryana (ICD),29.29831684452677,76.9895450060505,blue
2698,India,Jodhpur (ICD),26.257564999767574,73.01432132720947,blue
3103,India,Jodhpur-Thar (ICD),26.203870936806616,72.94631779922258,blue
2991,India,Kakinada,16.962150824303126,82.28141784667969,yellow
3081,India,Kandla,22.985655148545966,70.22586178744154,yellow
2699,India,Kanpur (ICD),26.455339972832903,80.30664682388306,blue
3059,India,Kashipur (ICD),29.169516735753223,79.00500438733866,blue
3027,India,Kathuwas / Alwar (RR),28.13396905264116,76.36150360107422,blue
2920,India,Kattupalli,13.311703722589407,80.34782409667969,yellow
3176,India,Khodiyar (ICD),23.16552009343816,72.55024882489658,blue
269,India,Kolkata (Calcutta),22.541138048594554,88.29928636550903,yellow
3058,India,Kota (ICD),24.93747452414591,75.9561869473846,blue
2779,India,Krishnapatnam,14.253631240998603,80.11492252349854,yellow
2750,India,"Loni, Delhi (ICD)",28.750823394718786,77.31238961219788,blue
1702,India,Ludhiana (ICD),30.8753997807939,75.91345131397247,blue
2971,India,Malanpur (ICD),26.391170496940763,78.2606953382492,blue
2970,India,Mandideep (ICD),23.09065752189619,77.51467108726501,blue
2931,India,Marmagao / Vasco da Gama,15.403489535273906,73.80818545818329,yellow
2591,India,Moradabad (ICD),28.84090512766421,78.75763893127441,blue
2697,India,Mulund (ICD),19.160010867613032,72.95371949672699,blue
272,India,Mundra,22.74371129256456,69.71350908279419,yellow
2641,India,Nagpur (ICD),21.11202154095683,79.08256709575653,blue
273,India,New Delhi (Delhi) (ICD),28.510332505222404,77.28742361068726,blue
2966,India,New Mangalore,12.934623344449692,74.81762409210205,yellow
274,India,Nhava Sheva (Mumbai),18.958510304042978,72.9472017288208,yellow
3256,India,Palwal (ICD),28.20153970569387,77.33033084285708,blue
3191,India,Paradip,20.265904371541584,86.66897189033189,yellow
2972,India,Patli (ICD),28.397997591920625,76.8542468547821,blue
2751,India,"Patparganj, Delhi (ICD)",28.635990836184842,77.31581211090088,blue
1740,India,Pipavav,20.916809151303987,71.50803565979004,yellow
2919,India,Pithampur / Indore  (ICD),22.62622191803605,75.72521924972534,blue
3279,India,Pune (ICD),18.80007174008663,73.7715128096267,blue
2915,India,Raipur (ICD),21.270899321666775,81.65305137634277,blue
2867,India,Ratlam (ICD),23.340226569614074,75.05213499069214,blue
2868,India,Rewari (ICD),28.180791738704766,76.60634100437164,blue
3183,India,Sachana/Viramgam (ICD),23.1460531765773,72.03447130509343,blue
2990,India,Sahnewal (ICD),30.83229016322501,75.9876036643982,blue
3033,India,Sanand (ICD),23.025050157340715,72.38474786281586,blue
3055,India,Sonepat (ICD),29.170945926359238,77.01050844212978,blue
3153,India,Tarapur (ICD),19.773656085007953,72.81069236256565,blue
3139,India,Thimmapur (ICD),17.16219800192266,78.28720354925167,blue
3254,India,Tihi (ICD),22.61337624867707,75.72431993372192,blue
275,India,"Tughlakabad, Delhi (ICD)",28.51083217539145,77.28637218475342,blue
3044,India,Tumb (ICD),20.216858152039986,72.8527021408081,blue
276,India,Tuticorin (Thoothukudi),8.749704828268145,78.21701288223267,yellow
2968,India,Vadodara (ICD),22.177230657912734,73.16416206925132,blue
3270,India,Vazhinjam,8.36875467859962,76.99631081822461,yellow
277,India,Visakhapatnam (Vizag),17.692674645539583,83.30065727233887,yellow
3251,Indonesia,Amamapare,-4.820697899309839,136.84551218005106,yellow
1287,Indonesia,Balikpapan,-1.162450693198684,116.77933010058037,yellow
279,Indonesia,Banjarmasin,-3.3291658467620397,114.55663204193115,yellow
2662,Indonesia,Batam,1.164961350017348,103.9976978302002,yellow
280,Indonesia,Belawan,3.7948441765212166,98.7156343460083,yellow
281,Indonesia,Benoa,-8.744424010263844,115.21204054355621,yellow
2819,Indonesia,Bitung,1.4409238887286397,125.19704103469849,yellow
3204,Indonesia,Buatan (IP),0.749971207877076,101.85244493256737,blue
2957,Indonesia,Cikarang (ICD),-6.267202890448084,107.16493606567383,blue
3230,Indonesia,Dobo (IP),-5.756223139158095,134.23862427914105,blue
282,Indonesia,Jakarta,-6.096838482584995,106.89482688903809,yellow
2978,Indonesia,Jambi (IP),-1.5338257444010157,103.65940690040588,blue
3215,Indonesia,Kendari,-3.993191972522292,122.6216076119595,yellow
2926,Indonesia,Kupang,-10.198619146289166,123.5276985168457,yellow
1092,Indonesia,Makassar,-5.128901542397665,119.40443515777588,yellow
2930,Indonesia,Merak,-5.9211482065752055,105.99682599306107,yellow
3269,Indonesia,Nunukan,4.146708603498656,117.6666415727649,yellow
285,Indonesia,Padang,-1.0000591285208642,100.37190914154053,yellow
286,Indonesia,Palembang,-2.981120248854302,104.78178262710571,yellow
287,Indonesia,Panjang,-5.4661850239228675,105.3153920173645,yellow
1448,Indonesia,Pantoloan,-0.711469842929419,119.85609233379364,yellow
3205,Indonesia,Pelabuhan Tangkiang,-1.2091224095854862,122.62981938718482,yellow
2901,Indonesia,Perawang (IP),0.6760780080505785,101.64224624633789,blue
288,Indonesia,Pontianak,-0.01566410045184392,109.33292269706726,yellow
2933,Indonesia,Samarinda,-0.5705286153902881,117.2075343132019,yellow
3229,Indonesia,Saumlaki (IP),-7.983260092596241,131.29040356163887,blue
290,Indonesia,Semarang,-6.938951709972767,110.42319774627686,yellow
291,Indonesia,Surabaya,-7.196573826086507,112.70758152008057,yellow
3264,Indonesia,Tarakan,3.2805097869638713,117.59379349338802,yellow
2929,Iran,Asaluyeh,27.524980027517767,52.5601601600647,yellow
293,Iran,Bandar Abbas / Bandar Shahid Rajaee,27.10530239324983,56.06868267059326,yellow
1384,Iran,Bandar Bushehr,28.99521928496816,50.8337938785553,yellow
2942,Iran,Bandar Khomeini,30.42860095267101,49.0604567527771,yellow
2992,Iran,Chabahar,25.300889524333737,60.60487747192383,yellow
1290,Iran,Khorramshahr,30.443803878975434,48.13739061355591,yellow
2993,Iran,Qeshm,26.952638961988026,55.98504066467285,yellow
1428,Iran,Tehran (ICD),35.69803086246004,51.19181513786316,blue
3079,Iraq,Khor al Zubair,30.196803551502747,47.8827085201475,yellow
1291,Iraq,Umm Qasr,30.060365708937706,47.92734146118164,yellow
294,Ireland,Cork,51.90011093242401,-8.417050838470459,yellow
295,Ireland,Dublin,53.34339719303607,-6.2091851234436035,yellow
296,Ireland,Waterford,52.263731877759376,-7.0345330238342285,yellow
297,Israel,Ashdod,31.82517447176667,34.63984966278076,yellow
298,Israel,Haifa,32.817444452535646,35.01123905181885,yellow
3166,Israel,Ramat Hovav (RR),31.14057399464171,34.79116633827982,blue
299,Italy,Ancona,43.62122690748603,13.497830629348755,yellow
2903,Italy,Bari,41.14156634237067,16.868364214897156,yellow
2638,Italy,Bologna (RR),44.634230551131154,11.379990577697754,blue
1098,Italy,Cagliari,39.21661116215632,9.067583084106445,yellow
1110,Italy,Catania,37.49696303367954,15.093863010406494,yellow
300,Italy,Civitavecchia,42.09600132016725,11.78260087966919,yellow
3016,Italy,Dinazzano (RR),44.572509317524954,10.752675533294678,blue
301,Italy,Genoa (Genova),44.40484462467532,8.916435241699219,yellow
302,Italy,Gioia Tauro,38.46292469612595,15.909533500671387,yellow
303,Italy,La Spezia,44.10583067714786,9.847269058227539,yellow
304,Italy,Livorno (Leghorn),43.574829694931985,10.304306745529175,yellow
2632,Italy,Milano (RR),45.49795496801464,9.40855622291565,blue
2841,Italy,Modena (RR),44.65082603424651,10.838184356689453,blue
305,Italy,Napoli (Naples),40.83803078551676,14.28696870803833,yellow
2842,Italy,Padova (RR),45.3826349647011,11.930261850357056,blue
1149,Italy,Palermo,38.13261138409102,13.36337685585022,yellow
2815,Italy,Pozzolo,36.71608806289499,14.8297780752182,yellow
307,Italy,Ravenna,44.44884715562126,12.245421409606934,yellow
2936,Italy,Rivalta Scrivia (RR),44.85970184818208,8.803879022598267,blue
3040,Italy,Rubiera (RR),44.63214623822666,10.782877206802368,blue
308,Italy,Salerno,40.671575646599955,14.743443131446838,yellow
309,Italy,Taranto,40.497745059483584,17.15113878250122,yellow
1105,Italy,Trapani,38.01260980527537,12.51889944076538,yellow
310,Italy,Trieste,45.62832453032085,13.761577606201172,yellow
1104,Italy,Vado Ligure,44.26121386139614,8.454419374465942,yellow
1623,Italy,Venice (Venezia),45.453282232121786,12.246065139770508,yellow
3092,Italy,Verona (RR),45.4206013178476,10.916804625196733,blue
312,Ivory Coast,Abidjan,5.276862277944728,-4.014430046081543,yellow
1726,Ivory Coast,"San Pedro, CI",4.740782306093553,-6.618039608001709,yellow
313,Jamaica,Kingston,17.98144759387346,-76.83443069458008,yellow
1715,Jamaica,Montego Bay,18.459317669372574,-77.93631434440613,yellow
314,Japan,Akita,39.768287972418044,140.03939867019653,yellow
1295,Japan,Chiba,35.59408772699529,140.0928497314453,yellow
2894,Japan,Fukuyama,34.4353190326797,133.43997359275818,yellow
2691,Japan,Hachinohe,40.552971975567864,141.50327324867249,yellow
315,Japan,Hakata,33.653530318895825,130.40745735168457,yellow
2726,Japan,Hakodate,41.801062985380874,140.71160852909088,yellow
3035,Japan,Hamada,34.87994619103852,132.05524563789368,yellow
316,Japan,Hiroshima,34.34696167225109,132.43818998336792,yellow
2955,Japan,Hitachinaka,36.43070933461117,140.62328338623047,yellow
2947,Japan,Hofu,34.00990990365934,131.56222343444824,yellow
2939,Japan,Hososhima,32.43927121962489,131.66767716407776,yellow
2954,Japan,Imabari,34.0517171725536,133.02834033966064,yellow
2945,Japan,Imari,33.34038820142223,129.84034180641174,yellow
1372,Japan,Ishikari,43.19234914193117,141.2920868396759,yellow
1373,Japan,Iwakuni,34.186725111851544,132.23844051361084,yellow
2835,Japan,Iyomishima,33.99328174613517,133.5407817363739,yellow
3090,Japan,Kamaishi,39.26703853725847,141.8957473039627,yellow
1776,Japan,Kanazawa,36.61247477177004,136.6237610578537,yellow
3113,Japan,Kashima,35.92783340195116,140.65330344659037,yellow
1297,Japan,Kawasaki,35.48844138859737,139.75412964820862,yellow
2946,Japan,Kitakyushu,33.934138493255254,130.7647705078125,yellow
317,Japan,Kobe,34.65982817028159,135.23354530334473,yellow
1777,Japan,Kochi,33.51106139000712,133.58453392982483,yellow
2727,Japan,Kumamoto,32.761925863318034,130.58279871940613,yellow
2989,Japan,Kushiro,42.99681634025383,144.32457089424133,yellow
2956,Japan,Maizuru,35.471758707235736,135.3302550315857,yellow
1374,Japan,Matsuyama,33.84636460137196,132.69904017448425,yellow
2728,Japan,Mizushima,34.502436511618534,133.6844301223755,yellow
318,Japan,Moji,33.964567278125074,131.01428031921387,yellow
3124,Japan,Muroran,42.365612206606144,140.930214508071,yellow
2725,Japan,Nagasaki,32.70446775029949,129.8423856496811,yellow
319,Japan,Nagoya,35.04513208233346,136.83287143707275,yellow
320,Japan,Naha,26.237949357628263,127.67168998718262,yellow
2729,Japan,Naoetsu,37.19444175534668,138.2586371898651,yellow
3011,Japan,Nichinan,31.57023580620719,131.4062261581421,yellow
2730,Japan,Niigata,37.97089514610855,139.22937154769897,yellow
3137,Japan,Niihama,33.985886852961144,133.3329384276998,yellow
3223,Japan,Ofunato,39.05704018744557,141.72520926831405,yellow
2938,Japan,Oita,33.250244680938934,131.73980712890625,yellow
1298,Japan,Omaezaki,34.625536230932205,138.22004556655884,yellow
1375,Japan,Onahama,36.92458978401062,140.8724820613861,yellow
322,Japan,Osaka,34.649043405683045,135.40027141571045,yellow
3193,Japan,Otake,34.219703331895595,132.24427479661264,yellow
2937,Japan,Otaru,43.19661978568543,141.01206421852112,yellow
1376,Japan,Sakaiminato,35.540723229583975,133.25748682022095,yellow
2731,Japan,Sakata,38.95018121760528,139.81906056404114,yellow
3010,Japan,Satsumasendai,31.858022236183153,130.19318103790283,yellow
1378,Japan,"Sendai, Miyagi",38.26809790727805,141.0222887992859,yellow
2724,Japan,Shibushi,31.45185853315602,131.08922123908997,yellow
323,Japan,Shimizu,35.03500824329527,138.5084044933319,yellow
2732,Japan,Takamatsu,34.359782812789454,134.06291127204895,yellow
2940,Japan,"Tokushima, Komatsushima",33.99446926193716,134.62002754211426,yellow
1301,Japan,Tokuyama (Shunan),34.03767998093271,131.7862629890442,yellow
324,Japan,Tokyo,35.60904845023296,139.78034019470215,yellow
325,Japan,Tomakomai,42.61038528586975,141.78229808807373,yellow
1116,Japan,Toyama,36.77361123916914,137.10448265075684,yellow
2733,Japan,Toyohashi,34.73442697489112,137.31050848960876,yellow
1380,Japan,Tsuruga,35.66096399933612,136.06065273284912,yellow
2866,Japan,Ube,33.932794356337695,131.2327891588211,yellow
2997,Japan,Wakayama,34.20761429523518,135.1414918899536,yellow
2958,Japan,Yatsushiro,32.53378901929829,130.54053783416748,yellow
2678,Japan,Yokkaichi,34.9930896765071,136.66300177574158,yellow
327,Japan,Yokohama,35.439694129892274,139.68360900878906,yellow
329,Jordan,Aqaba,29.46964171165675,34.97488975524902,yellow
2509,Kazakhstan,Aktau (ICD),43.69993434640334,51.30560785531998,blue
1421,Kazakhstan,Almaty (RR),43.44691513831017,77.02786286901822,blue
2656,Kazakhstan,Astana (RR),51.139263780447095,71.53863481054935,blue
2655,Kazakhstan,Karaganda (RR),49.78710028463676,73.08920323848724,blue
330,Kenya,Mombasa,-4.045937440083001,39.62714910507202,yellow
1522,Kenya,Nairobi (RR),-1.3341550216379732,36.87861442565918,blue
3275,Kiribati,Christmas Island,2.0066759976694435,-157.48797633161473,yellow
1395,Kiribati,Tarawa,1.3640923910820484,172.93388325706022,yellow
1103,Kuwait,Shuaiba,29.04606851221716,48.15558671951294,yellow
332,Kuwait,Shuwaikh,29.349495955586274,47.919493317604065,yellow
1424,Kyrgyzstan,Bishkek (RR),42.866992456738075,74.67199623584747,blue
333,Latvia,Riga,57.00872960697108,24.095442295074463,yellow
334,Lebanon,Beirut,33.90962914152457,35.53424835205078,yellow
3114,Lebanon,Tripoli - Lebanon,34.4603326842721,35.82796253991296,yellow
1523,Lesotho,Maseru (RR),-29.297524395379195,27.47054100036621,blue
335,Liberia,Monrovia,6.342978172876449,-10.796508193016052,yellow
2000,Libya,Al Khums (Khoms),32.67472914761451,14.247851371765137,yellow
1130,Libya,Benghazi (Bingazi),32.11496233636978,20.047903060913086,yellow
1129,Libya,Misurata,32.367629056590374,15.218660831451416,yellow
2913,Libya,Tobruk,32.07328373362353,23.979034423828125,yellow
1128,Libya,Tripoli - Libya,32.90363443814044,13.182123899459839,yellow
336,Lithuania,Klaipeda,55.646671636408165,21.15968942642212,yellow
1559,Lithuania,Vilnius (RR),54.58090181642365,25.23810791136767,blue
1303,Macao,Macau,22.134623529042912,113.58439028263092,yellow
1304,Madagascar,Antsiranana (Diego Suarez),-12.268721602324444,49.287543296813965,yellow
2976,Madagascar,Ehoala,-25.065531972246823,46.964154839515686,yellow
1139,Madagascar,Majunga (Mahajanga),-15.727344735170236,46.312217116355896,yellow
2816,Madagascar,Nosy-Be,-13.407007343961865,48.28087270259857,yellow
337,Madagascar,Tamatave (Toamasina),-18.152116644701408,49.427093267440796,yellow
1617,Madagascar,Toliara (Tulear),-23.378430165813672,43.66397023200989,yellow
1736,Malawi,Blantyre (ICD),-15.739915100712386,35.031516551971436,blue
1307,Malaysia,Bintulu,3.2637907514433318,113.0743145942688,yellow
339,Malaysia,Kota Kinabalu,6.070786224442833,116.11733436584473,yellow
1309,Malaysia,Kuantan,3.9729833259714704,103.42063665390015,yellow
340,Malaysia,Kuching,1.6157201873245168,110.45259475708008,yellow
1310,Malaysia,Labuan,5.273545083815783,115.24368524551392,yellow
1311,Malaysia,Miri,4.418234077193366,113.99625420570374,yellow
341,Malaysia,Pasir Gudang,1.437062725824433,103.8882851600647,yellow
342,Malaysia,Penang,5.420088168804605,100.35984992980957,yellow
343,Malaysia,Port Kelang (Port Klang),2.9461267351975877,101.30115509033203,yellow
344,Malaysia,Sandakan,5.809021116729847,118.08265328407288,yellow
345,Malaysia,Sibu,2.287638105783909,111.82352542877197,yellow
346,Malaysia,Tanjung Pelepas,1.363463442812161,103.54476928710938,yellow
1171,Malaysia,Tawau,4.244270788699133,117.87803292274475,yellow
1313,Maldives,Male,4.180895576264152,73.50536942481995,yellow
1526,Mali,Bamako (RR),12.654271900347368,-7.949756383895874,blue
1065,Malta,Marsaxlokk (Malta Freeport),35.82072754461855,14.545211791992188,yellow
1396,Marshall Islands,Majuro,7.086008556632954,171.36534690856934,yellow
347,Martinique,Fort-De-France,14.591910598016177,-61.050682067871094,yellow
1314,Mauritania,Nouadhibou,20.897746469759127,-17.050652503967285,yellow
1051,Mauritania,Nouakchott,17.98950920369493,-16.027507781982422,yellow
348,Mauritius,Port Louis,-20.141673465116586,57.490081787109375,yellow
1464,Mayotte,Longoni,-12.720506243903865,45.163657665252686,yellow
349,Mexico,Altamira,22.47691149931561,-97.88530826568604,yellow
3061,Mexico,Atotonilco de Tula (RR),19.908569384590383,-99.26761167227068,blue
3123,Mexico,Cuautitlan Izcalli (RR),19.709309915036968,-99.17900746473964,blue
1059,Mexico,Ensenada,31.85280055169121,-116.62916421890259,yellow
2862,Mexico,Guadalajara (RR),20.64569098122722,-103.34036350250244,blue
3089,Mexico,Guaymas,27.923861946882294,-110.86783214077269,yellow
1060,Mexico,Lazaro Cardenas,17.954953939832556,-102.1714299917221,yellow
1055,Mexico,"Manzanillo, MX",19.0723594932544,-104.29100275039673,yellow
1141,Mexico,Mazatlan,23.19472839610217,-106.41430914402008,yellow
350,Mexico,Mexico City (RR),19.478419387012774,-99.16822224855423,blue
2871,Mexico,Monterrey (RR),25.832757497323826,-100.3419542312622,blue
1315,Mexico,Progreso,21.344615645820404,-89.67719078063965,yellow
2846,Mexico,Puerto Morelos,20.8408547342839,-86.87832713127136,yellow
2872,Mexico,San Luis Potosi (RR),22.02818574686037,-100.89534759521484,blue
2962,Mexico,Santiago de Queretaro (RR),20.599596226816317,-100.43738722801208,blue
3032,Mexico,Tuxpan,20.96087855930953,-97.3284387588501,yellow
352,Mexico,Veracruz,19.211359541281013,-96.13427639007568,yellow
3182,Micronesia,Chuuk,7.445674002486622,151.8392440368898,yellow
1451,Micronesia,Pohnpei (Ponape),6.979732417804617,158.20056080818176,yellow
1744,Micronesia,Yap,9.51606324346562,138.1253206729889,yellow
2960,Moldova,Giurgiulesti (IP),45.470935880987845,28.2014000415802,blue
1497,Mongolia,Ulaanbaatar (RR),47.91076540884139,106.87036514282227,blue
2574,Montenegro,Bar,42.09038853923008,19.082050323486328,yellow
1318,Morocco,Agadir,30.42908547555049,-9.644713997840881,yellow
353,Morocco,Casablanca,33.610276889478065,-7.596917152404785,yellow
354,Morocco,Tanger (Tangier),35.89534284170994,-5.491125583648682,yellow
1155,Mozambique,Beira,-19.819439802785634,34.83386993408203,yellow
355,Mozambique,Maputo,-25.96208646870532,32.545409202575684,yellow
1145,Mozambique,Nacala,-14.543913590136006,40.66612958908081,yellow
1465,Mozambique,Pemba,-12.966712595667113,40.48592805862427,yellow
1462,Mozambique,Quelimane,-17.880720480653416,36.87990725040436,yellow
1486,Myanmar,Rangoon (Yangon),16.76628921809498,96.16613030433655,yellow
3146,Namibia,Luderitz,-26.639333631163,15.154649929125185,yellow
447,Namibia,Walvis Bay,-22.949746458143682,14.497843980789185,yellow
2534,Nauru,Nauru,-0.5288811915769026,166.9100797176361,yellow
2861,Nepal,Birgunj (ICD),27.02005091230699,84.84996557235718,blue
1498,Nepal,Kathmandu (ICD),27.656317819762045,85.29142044584658,blue
3236,Netherlands,Alblasserdam (IP),51.84648801246824,4.667374076383588,blue
3253,Netherlands,Almelo (IP),52.3224434466903,6.629966933293816,blue
3136,Netherlands,Alphen aan den Rijn (IP),52.112571513407325,4.6736180782318115,blue
357,Netherlands,Amsterdam,52.425558711443585,4.766049385070801,yellow
2869,Netherlands,Bergen op Zoom (IP),51.50016764414252,4.272758960723877,blue
2744,Netherlands,Born (IP),51.05952319390127,5.814932584762573,blue
3189,Netherlands,Cuijk (IP),51.755677872037886,5.847678538987533,blue
2625,Netherlands,Den Bosch / s-Hertogenbosch (IP),51.708483311792875,5.270980596542358,blue
3199,Netherlands,Doesburg (IP),52.020439400833936,6.133151157504884,blue
3262,Netherlands,Gorinchem (IP),51.82900528262632,4.9511260270103685,blue
3213,Netherlands,Hasselt (IP),52.57912946663439,6.0970921466943295,blue
2876,Netherlands,Hengelo (IP),52.24819482462431,6.784604787826538,blue
3096,Netherlands,Kampen (IP),52.57755013790442,5.867319060876412,blue
3161,Netherlands,Leeuwarden (IP),53.18785015700602,5.76413258608568,blue
3263,Netherlands,Lelystad (IP),52.5690302686686,5.5190276151977935,blue
2875,Netherlands,Meppel (IP),52.692501915968954,6.167809367179871,blue
2792,Netherlands,Moerdijk (IP),51.679880103492984,4.597343802452087,blue
2626,Netherlands,Nijmegen (IP),51.86084344632635,5.827571153640747,blue
2701,Netherlands,Oosterhout (IP),51.66820685134085,4.85121488571167,blue
2878,Netherlands,Ridderkerk (IP),51.87568620325499,4.6262311935424805,blue
3214,Netherlands,Roermond (IP),51.20383467023255,5.9940504946876505,blue
360,Netherlands,Rotterdam,51.95987345207392,4.062999486923218,yellow
2700,Netherlands,Tilburg (IP),51.571808530131136,5.104324221611023,blue
2627,Netherlands,Utrecht (IP),52.10875877836515,5.07293701171875,blue
2873,Netherlands,Veendam (RR),53.12582637227266,6.894586086273193,blue
2680,Netherlands,Veghel (IP),51.6198184618578,5.5087316036224365,blue
2877,Netherlands,Velsen-Noord (IP),52.465468623436486,4.6431344747543335,blue
2892,Netherlands,Venlo (RR),51.38965955808715,6.130199432373047,blue
3168,Netherlands,Vlissingen (IP),51.472345765130946,3.7051506237249896,blue
2879,Netherlands,Waalwijk (IP),51.69604270534689,5.0587427616119385,blue
2624,Netherlands,Wanssum (IP),51.54380960121885,6.078228950500488,blue
2874,Netherlands,Westerbroek (IP),53.17508056881947,6.689300537109375,blue
1068,Netherlands Antilles,"Philipsburg, Saint Martin",18.009498365806774,-63.04447531700134,yellow
1047,New Caledonia,Noumea,-22.264385439724,166.43353700637817,yellow
2864,New Caledonia,Prony,-22.352536654044734,166.89036011695862,yellow
363,New Zealand,Auckland,-36.843584971339574,174.78325366973877,yellow
1064,New Zealand,Bluff,-46.59288086052888,168.33490133285522,yellow
364,New Zealand,Lyttelton,-43.61001063178585,172.7258276939392,yellow
365,New Zealand,Napier,-39.47444208041546,176.91728353500366,yellow
366,New Zealand,Nelson,-41.26066242309142,173.27016055583954,yellow
367,New Zealand,Port Chalmers,-45.81365662011636,170.62492311000824,yellow
368,New Zealand,Tauranga,-37.66223367485786,176.17523431777954,yellow
1419,New Zealand,Timaru,-44.38926762588808,171.25694274902344,yellow
369,New Zealand,Wellington,-41.27893526809603,174.7900664806366,yellow
1090,Nicaragua,Corinto,12.482315455093069,-87.16737270355225,yellow
371,Nigeria,Lagos (Apapa/Tin Can Island),6.435731263220946,3.3870506286621094,yellow
3217,Nigeria,Lekki,6.425522333335894,4.004783310130171,yellow
1236,Nigeria,Onne,4.684004768510946,7.157464027404785,yellow
2518,North Korea,Nampo,38.73292893708775,125.43301105499268,yellow
1742,Northern Mariana Islands,Saipan,15.226495033581037,145.7339644432068,yellow
2707,Norway,Aalesund,62.46819289658674,6.137237548828125,yellow
375,Norway,Bergen,60.38880698513414,5.311830639839172,yellow
2785,Norway,Brevik,59.06277896048541,9.69843864440918,yellow
2770,Norway,Drammen,59.73839530179201,10.238678455352783,yellow
3069,Norway,Floro,61.601721503490175,5.023248344376043,yellow
377,Norway,Fredrikstad,59.18266201769004,10.953433513641357,yellow
3064,Norway,Haugesund,59.33739133585577,5.30684232711792,yellow
3138,Norway,Hogset,62.96964644577573,7.732994895874526,yellow
3082,Norway,Ikornnes,62.38638847694179,6.558615219216563,yellow
380,Norway,Kristiansand,58.14027336852235,7.992188930511475,yellow
381,Norway,Larvik,59.03919685484467,10.040366649627686,yellow
2768,Norway,Maloy,61.93932390046832,5.140678882598877,yellow
383,Norway,Moss,59.42600745466169,10.65648078918457,yellow
2794,Norway,Orkanger,63.31665299038796,9.845638275146484,yellow
385,Norway,Oslo,59.88213013133166,10.764627456665039,yellow
389,Norway,Stavanger (Tananger),58.91930976719853,5.58629035949707,yellow
3073,Norway,Straumen,67.36527428236255,15.585868962123413,yellow
3134,Norway,Svelgen,61.77287576840806,5.29467448730702,yellow
3063,Norway,Trondheim (RR),63.43811432976591,10.404767327927061,blue
394,Oman,Salalah,16.944683906675273,54.006428718566895,yellow
2665,Oman,Sohar,24.503043062605606,56.620144844055176,yellow
3015,Pakistan,Faisalabad (ICD),31.486037044180836,73.13978433609009,blue
3165,Pakistan,Gwadar,25.111978546297465,62.34219497849335,yellow
395,Pakistan,Karachi,24.83388877190595,66.97539210319519,yellow
396,Pakistan,Lahore (ICD),31.555289142489276,74.37174439430237,blue
397,Pakistan,Port Qasim (Muhammad Bin Qasim),24.765581379678327,67.33084917068481,yellow
3180,Pakistan,Sialkot (ICD),32.479365821565366,74.37893841504217,blue
1739,Palau,Koror,7.330640347753822,134.4566112756729,yellow
1592,Panama,Balboa,8.955995294780633,-79.56548273563385,yellow
1324,Panama,Cristobal,9.35272479442027,-79.90714251995087,yellow
399,Panama,Manzanillo / Colon,9.363453755999432,-79.88603353500366,yellow
3070,Panama,Rodman,8.953667501485791,-79.57548019700573,yellow
1453,Papua New Guinea,Kavieng,-2.5848339329877583,150.78874826431274,yellow
3257,Papua New Guinea,Kimbe,-5.548765453183828,150.14757009580416,yellow
1325,Papua New Guinea,Lae,-6.741726707544979,146.98464632034302,yellow
1401,Papua New Guinea,Madang,-5.208119035744103,145.80074071884155,yellow
1326,Papua New Guinea,Motukea Island (Port Moresby),-9.428459608006639,147.1130023035672,yellow
2950,Papua New Guinea,Rabaul,-4.202306553466693,152.16677606105804,yellow
400,Paraguay,Asuncion,-25.445808065045252,-57.550769448280334,yellow
3099,Paraguay,Mariano Roque Alonso (IP),-25.22285248736468,-57.56871327406077,blue
3116,Paraguay,Pilar (IP),-26.871853930878057,-58.32877252645528,blue
3003,Paraguay,Puerto Seguro (IP),-25.547145986841585,-57.56582736968994,blue
401,Peru,Callao,-12.045773583969131,-77.14548110961914,yellow
3277,Peru,Chancay,-11.59401596095805,-77.27815659856384,yellow
1328,Peru,Ilo,-17.648377454965374,-71.35250508785248,yellow
3078,Peru,Matarani,-17.001231726749563,-72.10890105083547,yellow
58,Peru,Paita,-5.084420026436985,-81.10788702964783,yellow
3174,Peru,Paracas,-13.800599519452868,-76.29042387350512,yellow
2825,Philippines,Batangas,13.760404998561137,121.04162871837616,yellow
1165,Philippines,Cagayan de Oro,8.522042682805663,124.74782466888428,yellow
3013,Philippines,Calamba (ICD),14.222641428316054,121.14877223968506,blue
403,Philippines,Cebu,10.309472630943558,123.92535209655762,yellow
404,Philippines,Davao,7.129445817527913,125.66370248794556,yellow
405,Philippines,General Santos,6.096097045530647,125.15949547290802,yellow
2951,Philippines,Iloilo,10.706195314574504,122.59450435638428,yellow
406,Philippines,Manila,14.600548897062394,120.94943046569824,yellow
3038,Philippines,Panabo,7.2936608456815755,125.7161021232605,yellow
3207,Philippines,Puerto Princesa,9.742865212147537,118.72693405206095,yellow
1330,Philippines,Subic Bay,14.80351310715942,120.26563882827759,yellow
2999,Philippines,Zamboanga,6.902228211189833,122.07252502441406,yellow
2994,Poland,Brzeg Dolny (RR),51.27947451137154,16.74189805984497,blue
3006,Poland,Dabrowa Gornicza (RR),50.33135414630723,19.337782859802246,blue
407,Poland,Gdansk,54.38759253368575,18.718535900115967,yellow
408,Poland,Gdynia,54.543592310383765,18.51273536682129,yellow
2927,Poland,Gliwice (RR),50.29610443131135,18.744016885757446,blue
3272,Poland,Katowice Wlosienica (RR),50.024651030847394,19.316556284280882,blue
2996,Poland,Katy Wroclawskie (RR),51.0398625649222,16.756757497787476,blue
3131,Poland,Kolbuszowa (RR),50.24346456739687,21.78632455115803,blue
2883,Poland,Kutno (RR),52.22820028864685,19.432207345962524,blue
2906,Poland,Lodz (RR),51.72650481813406,19.54894244670868,blue
3198,Poland,Malaszewicze (RR),52.03384255640878,23.54191609980216,blue
2981,Poland,Poznan / Gadki (RR),52.308531101369056,17.033379077911377,blue
2934,Poland,Pruszkow (RR),52.166068333072204,20.789716243743896,blue
2948,Poland,Slawkow (RR),50.28138705457645,19.311068058013916,blue
3143,Poland,Szamotuly (RR),52.59799464019637,16.592578182511033,blue
2709,Poland,Szczecin,53.43059936447412,14.583663940429688,yellow
414,Poland,Warsaw (RR),52.29011133488031,21.010339973847067,blue
3211,Portugal,Alfarelos (RR),40.15888827227705,-8.644309043884277,blue
3181,Portugal,Bobadela (RR),38.81272747123307,-9.090083175004793,blue
3022,Portugal,Elvas (RR),38.89587606589814,-7.14137077331543,blue
3009,Portugal,Figueira da Foz,40.146289840955,-8.844165802001953,yellow
417,Portugal,Leixoes / Porto,41.1856083419659,-8.699825406074524,yellow
418,Portugal,Lisbon (Lisboa),38.698598384648434,-9.168391227722168,yellow
1333,Portugal,Ponta Delgada,37.73566799803771,-25.66158413887024,yellow
3012,Portugal,Praia da Vitoria,38.714279807251934,-27.050013542175293,yellow
3130,Portugal,Riachos (RR),39.43693018687391,-8.497696541472465,blue
1585,Portugal,Setubal,38.51477884701454,-8.875086307525635,yellow
420,Portugal,Sines,37.93355718982876,-8.849095702171326,yellow
421,Puerto Rico,San Juan,18.43671345633575,-66.09272003173828,yellow
422,Qatar,Doha / Hamad,25.016842662440183,51.60499334335327,yellow
1334,Qatar,Mesaieed,24.892198052989485,51.549949049949646,yellow
1150,Reunion,Pointe des Galets (Le Port),-20.931750915266065,55.316290855407715,yellow
2973,Romania,"Arad, North (RR)",46.34279490150963,21.294057369232178,blue
3233,Romania,"Arad, South (RR)",46.094955050999644,21.30448941796875,blue
3141,Romania,Bacau (RR),46.56697930274025,26.89227178579017,blue
1564,Romania,Bucharest (RR),44.50332793496199,25.974637479925264,blue
3197,Romania,Cluj-Napoca (RR),46.779631939064984,23.68634714447714,blue
423,Romania,Constantza (Constanta),44.10375829186437,28.659017086029053,yellow
3142,Romania,Ploiesti (RR),44.93454380543347,25.93326143156162,blue
3282,Romania,Teius (RR),46.190170329106735,23.677249610228802,blue
3268,Russian Federation,Anadyr,64.74143868466254,177.5089069120416,yellow
2795,Russian Federation,Arkhangelsk (Barents Sea),64.70827429750581,40.51774978637695,yellow
3021,Russian Federation,Azov (Black Sea),47.12052661177902,39.39750909805298,yellow
2788,Russian Federation,Baltiysk (Baltic Sea),54.635964316389625,19.921581745147705,yellow
3244,Russian Federation,Barnaul (RR),53.34724666988926,83.7543413557161,blue
3196,Russian Federation,Bazaikha / Krasnoyarsk (RR),56.024055362445125,93.06856140091183,blue
3242,Russian Federation,Blagoveshchensk (RR),50.2882740558499,127.52977387328023,blue
3084,Russian Federation,Bronka (Baltic Sea),59.93738310780505,29.694137768252745,yellow
3245,Russian Federation,Chelyabinsk (RR),55.09528341874311,61.37446815520148,blue
3243,Russian Federation,Chita (RR),52.028097937125175,113.47829462108393,blue
2639,Russian Federation,Irkutsk (RR),52.386581769891826,104.12631511688232,blue
424,Russian Federation,Kaliningrad (Baltic Sea),54.70482541393405,20.460941791534424,yellow
3246,Russian Federation,Kazan / Lagernaya (RR),55.80286035115782,49.009896825198624,blue
2530,Russian Federation,Khabarovsk (RR),48.44521592893471,135.1189398765564,blue
1641,Russian Federation,Korsakov (Pacific Ocean),46.626806395355175,142.76355743408203,yellow
3248,Russian Federation,Krasnodar (RR),45.05042609596441,39.08608609995667,blue
2979,Russian Federation,Magadan (Pacific Ocean),59.56346249407895,150.72924613952637,yellow
425,Russian Federation,Moscow (RR),55.72984691739336,37.38347053527832,blue
2526,Russian Federation,Nakhodka (Pacific Ocean),42.79445592751808,132.88092613220215,yellow
3240,Russian Federation,Nizhniy Novgorod (RR),56.306326022914384,43.89696460661878,blue
1099,Russian Federation,Novorossiysk (Black Sea),44.73283288429979,37.790372371673584,yellow
3118,Russian Federation,Novosibirsk (RR),55.12669494586074,83.00999030273363,blue
2657,Russian Federation,Omsk (RR),54.94041903595517,73.4656298160553,blue
3249,Russian Federation,Penza (RR),53.21007037199441,45.07961990135173,blue
2980,Russian Federation,Petropavlovsk-Kamchatskiy (Pacific Ocean),53.00484207287366,158.65395069122314,yellow
3250,Russian Federation,Rostov-na-Donu (RR),47.23962473476096,39.741617376629975,blue
2640,Russian Federation,Saratov (RR),51.60129964582139,45.9472918510437,blue
426,Russian Federation,St. Petersburg (Baltic Sea),59.88075461320676,30.198497772216797,yellow
3247,Russian Federation,Ufa / Chernikovka (RR),54.806023263065335,56.09334453676265,blue
3241,Russian Federation,Ussuriysk (RR),43.82378082520192,131.95711650391476,blue
2734,Russian Federation,Ust-Luga (Baltic Sea),59.674512658555685,28.404786586761475,yellow
427,Russian Federation,Vladivostok  (Pacific Ocean),43.08927826119685,131.86731934547424,yellow
428,Russian Federation,Vostochny (Pacific Ocean),42.73623303012772,133.08048248291016,yellow
3238,Russian Federation,Yekaterinburg (RR),56.888410043618606,60.53958385699575,blue
3239,Russian Federation,Zabaykalsk (RR),49.672467443647626,117.30621850918601,blue
247,Saint Kitts and Nevis,"Basseterre, St. Kitts",17.287693684386888,-62.70922601222992,yellow
1717,Saint Kitts and Nevis,"Charlestown, Nevis",17.1088004710758,-62.624709606170654,yellow
468,Saint Lucia,Castries,14.01133002220756,-60.99338471889496,yellow
1342,Saint Lucia,Vieux Fort,13.72035403029108,-60.95359146595001,yellow
470,Saint Vincent and the Grenadines,Kingstown,13.151508250408497,-61.22535288333893,yellow
1405,Samoa,Apia,-13.826750697541941,-171.76195442676544,yellow
1336,Sao Tome and Principe,Sao Tome,0.347740899476231,6.737043857574463,yellow
429,Saudi Arabia,Dammam,26.508253186010126,50.19704818725586,yellow
430,Saudi Arabia,Jeddah,21.456099205404172,39.15724754333496,yellow
2787,Saudi Arabia,Jubail,27.02674114354259,49.681323766708374,yellow
2834,Saudi Arabia,King Abdullah City,22.525599546242912,39.0887975692749,yellow
3231,Saudi Arabia,Port of NEOM,27.564284067913096,35.54755325245639,yellow
431,Saudi Arabia,Riyadh (RR),24.645330163035183,46.748210191726685,blue
437,Senegal,Dakar,14.688770903054113,-17.42858648300171,yellow
1566,Serbia,Beograd (Belgrade) (RR),44.741934212582706,20.38649217123975,blue
438,Seychelles,Port Victoria,-4.626474049529601,55.46400547027588,yellow
439,Sierra Leone,Freetown,8.494253093653574,-13.212625980377197,yellow
440,Singapore,Singapore,1.2861131286884055,103.76781105995178,yellow
1567,Slovakia,Bratislava (RR),48.136616320728876,17.149304151535034,blue
2654,Slovakia,Dunajska Streda (RR),47.981242284625715,17.626540681358687,blue
2908,Slovakia,Kosice (RR),48.62111218863282,21.234169006347656,blue
3260,Slovakia,Zilina (RR),49.215923630361544,18.785417713260742,blue
441,Slovenia,Koper,45.553133794745975,13.735592365264893,yellow
1568,Slovenia,Ljubljana (RR),46.060430893303874,14.55515742301941,blue
1407,Solomon Islands,Honiara,-9.429310239347457,159.95955884456635,yellow
1408,Solomon Islands,Noro,-8.235302356960707,157.19619691371918,yellow
2766,Somalia,Berbera,10.43769724886955,44.9955689907074,yellow
3252,Somalia,Kismayo,-0.3868557277080059,42.545406553252164,yellow
1533,Somalia,Mogadishu,2.02572389144795,45.336555540561676,yellow
442,South Africa,Cape Town,-33.90977160636459,18.4475040435791,yellow
443,South Africa,Durban,-29.88255545742758,31.02312684059143,yellow
444,South Africa,East London,-33.02585747846239,27.91129767894745,yellow
445,South Africa,Johannesburg (RR),-26.226309274563146,28.097866773605347,blue
446,South Africa,"Port Elizabeth, ZA",-33.95912133398331,25.636961460113525,yellow
2769,South Africa,Port of Ngqura (Coega),-33.8007610299614,25.68425416946411,yellow
2828,South Africa,Pretoria (RR),-25.716317771176186,28.17819356918335,blue
2782,South Africa,Richards Bay,-28.793462319731407,32.03360080718994,yellow
448,South Korea,Busan (Pusan),35.10319801982244,129.08248901367188,yellow
2843,South Korea,Daesan,37.01488979513532,126.42761707305908,yellow
449,South Korea,Incheon,37.43815668978936,126.59740208740232,yellow
1581,South Korea,Kunsan,35.975557753791044,126.56025767326355,yellow
450,South Korea,Kwangyang,34.9098655809181,127.68379211425781,yellow
1360,South Korea,Masan,35.20542620915761,128.598210811615,yellow
2826,South Korea,Pohang,36.10494229136186,129.43997383117676,yellow
2822,South Korea,Pyeongtaek,36.9660436274017,126.83611750602722,yellow
3203,South Korea,Sejong (RR),36.54604421989342,127.35057147779229,blue
3208,South Korea,Uiwang / Euiwang (RR),37.33325221926439,126.95266252876483,blue
1338,South Korea,Ulsan,35.45562751361858,129.36402440071106,yellow
452,Spain,Algeciras,36.14328124902658,-5.435056686401367,yellow
1339,Spain,Alicante,38.32832576438128,-0.4998135566711426,yellow
2824,Spain,Almeria,36.83491259516247,-2.4758291244506836,yellow
1468,Spain,"Arrecife de Lanzarot, Islas Canarias",28.96754191400025,-13.52893352508545,yellow
453,Spain,Barcelona,41.355055990844114,2.172696590423584,yellow
454,Spain,Bilbao,43.34655159562448,-3.043813705444336,yellow
455,Spain,Cadiz,36.537312241115124,-6.286797523498535,yellow
1369,Spain,"Cartagena, ES",37.5946987935989,-0.9749937057495117,yellow
1340,Spain,Castellon de la Plana,39.963421675979596,0.026650428771972656,yellow
3154,Spain,Ceuta,35.89726345040374,-5.323601297326604,yellow
3029,Spain,Ferrol,43.46126757708207,-8.325920104980469,yellow
457,Spain,Gijon,43.555243014728696,-5.690392255783081,yellow
3023,Spain,Huelva,37.151359545953184,-6.880858540534973,yellow
458,Spain,"Las Palmas, Islas Canarias",28.134664448352538,-15.418013334274292,yellow
459,Spain,Madrid (RR),40.43074083511084,-3.571324795376287,blue
1694,Spain,Malaga,36.70350476626058,-4.41950798034668,yellow
1753,Spain,Marin,42.405824555916695,-8.692578077316284,yellow
460,Spain,Melilla,35.29061743881181,-2.9274916648864746,yellow
3221,Spain,Miranda de Ebro (RR),42.680059413300405,-2.9224416710860224,blue
3109,Spain,Monzon (RR),41.91389497722511,0.15733117933291396,blue
3121,Spain,Pamplona / Noain (RR),42.760194985474655,-1.646589374553173,blue
2674,Spain,"Puerto del Rosario, Islas Canarias",28.49356861375369,-13.855605125427246,yellow
3077,Spain,Sagunto,39.64442341550434,-0.21749392331901163,yellow
2764,Spain,"Santa Cruz de La Palma, Islas Canarias",28.67634692962377,-17.76816487312317,yellow
462,Spain,"Santa Cruz de Tenerife, Islas Canarias",28.486892487058196,-16.228694915771484,yellow
2783,Spain,Sevilla,37.35576300870579,-5.997687578201294,yellow
3024,Spain,Silla (RR),39.36194616339731,-0.4166758060455322,blue
1584,Spain,Tarragona,41.09494989135614,1.2099981307983398,yellow
464,Spain,Valencia,39.434850617374146,-0.3274226188659668,yellow
465,Spain,Vigo,42.245996550556775,-8.710790276527405,yellow
3122,Spain,Villafria de Burgos (RR),42.361399164940835,-3.62052544932385,blue
3008,Spain,Villagarcia de Arosa,42.59782914438511,-8.78082275390625,yellow
2636,Spain,Zaragoza (RR),41.67716707685484,-0.944373607635498,blue
466,Sri Lanka,Colombo,6.9480575873712915,79.8521089553833,yellow
471,Sudan,Port Sudan,19.601800586417717,37.23511219024658,yellow
472,Suriname,Paramaribo,5.812820955769519,-55.16567945480347,yellow
2830,Swaziland,Matsapha (RR),-26.496697904504778,31.308583617210388,blue
473,Sweden,Ahus,55.92779564794714,14.3241548538208,yellow
1126,Sweden,Gavle,60.69338250350354,17.221455574035645,yellow
475,Sweden,Gothenburg,57.68793259821072,11.858797073364258,yellow
476,Sweden,Halmstad,56.652667350227745,12.85152554512024,yellow
477,Sweden,Helsingborg,56.02961797120047,12.694272994995117,yellow
478,Sweden,Malmoe,55.62426556161427,12.992991273766012,yellow
3267,Sweden,Nassjo (RR),57.6865053085865,14.689740864760488,blue
479,Sweden,Norrkoping,58.62329644719082,16.243489980697632,yellow
2904,Sweden,Piteaa,65.23616752718424,21.62508487701416,yellow
1624,Sweden,Sodertalje,59.163985604235506,17.663655281066895,yellow
480,Sweden,Stockholm,59.3429996403341,18.125295639038086,yellow
2749,Sweden,Sundsvall,62.406087490511815,17.39532709121704,yellow
2922,Sweden,Umea,63.68722655483092,20.330886840820312,yellow
2676,Sweden,Varberg,57.115463753097366,12.239059209823608,yellow
2796,Sweden,Vasteras,59.589779599363695,16.52065873146057,yellow
2599,Switzerland,Basel - Birsfelden (IP),47.55175598105243,7.644590735435486,blue
2896,Switzerland,Basel - Frenkendorf (RR),47.51376107604689,7.718091309070587,blue
2708,Switzerland,Basel - Muttenz (RR),47.5443151730059,7.613831162452698,blue
2598,Switzerland,Basel (IP),47.58607140295837,7.597421407699585,blue
2895,Switzerland,Chavornay (RR),46.70852943084008,6.561155319213867,blue
2838,Switzerland,Rekingen (RR),47.568187190520135,8.338274359703064,blue
2646,Switzerland,Zurich (ICD),47.47865273691964,8.492742776870728,blue
1044,Syria,Latakia,35.5266949445518,35.76822280883789,yellow
1045,Syria,Tartus,34.909872179581285,35.869503021240234,yellow
484,Taiwan,Kaohsiung,22.574884661667465,120.30617237091064,yellow
485,Taiwan,Keelung,25.152238275522834,121.7499303817749,yellow
486,Taiwan,Taichung,24.270048873181356,120.51298141479492,yellow
1501,Taiwan,Taipei,25.164163470818945,121.39038562774658,yellow
2983,Taiwan,Taoyuan (ICD),25.071255996909873,121.6740345954895,blue
1578,Tajikistan,Dushanbe (RR),38.56504165114669,68.72078597545624,blue
487,"Tanzania, United Republic Of",Dar Es Salaam,-6.837973882483783,39.295713901519775,yellow
3048,"Tanzania, United Republic Of",Mtwara,-10.26809187060894,40.19904971122742,yellow
1121,"Tanzania, United Republic Of",Tanga,-5.06576358922926,39.10464406013489,yellow
1463,"Tanzania, United Republic Of",Zanzibar,-6.156139449054652,39.19174611568451,yellow
2695,Thailand,Bangkok,13.694337560178692,100.58705449104309,yellow
490,Thailand,"Bangkok, Lat Krabang (ICD)",13.738259524685631,100.76486349105835,blue
489,Thailand,Laem Chabang,13.063723647308755,100.8909809589386,yellow
1786,Thailand,Siam Seaport,13.135517925141814,100.87496280670166,yellow
492,Thailand,Songkhla,7.230698219159868,100.57280659675598,yellow
1412,Timor-Leste,Dili,-8.552466730361237,125.57404160499573,yellow
493,Togo,Lome,6.141392163204904,1.2839412689208984,yellow
1409,Tonga,Nukualofa,-21.136821013727854,-175.1812183856964,yellow
1062,Trinidad and Tobago,Point Lisas,10.40740299128748,-61.49505972862244,yellow
494,Trinidad and Tobago,Port-of-Spain,10.654028639537472,-61.52460157871246,yellow
2832,Tunisia,Bizerte,37.26712862124972,9.872310161590576,yellow
1343,Tunisia,Sfax,34.72719012407075,10.769321322441101,yellow
2848,Tunisia,Sousse,35.826775641415395,10.64639300107956,yellow
495,Tunisia,Tunis / Rades,36.80471475269543,10.269427299499512,yellow
2837,Turkey,Aliaga,38.75871831817249,26.92824125289917,yellow
2567,Turkey,Antalya,36.83741995745,30.612105131149292,yellow
2944,Turkey,Bandirma,40.35250482053299,27.963370084762573,yellow
3280,Turkey,"Derince, Kocaeli",40.74755232337699,29.840462957566686,yellow
2578,Turkey,Evyap (Izmit Korfezi),40.77477716386822,29.71001923084259,yellow
1645,Turkey,Gebze (Yilport),40.765642844898096,29.535794532872018,yellow
496,Turkey,Gemlik,40.41586495464055,29.08401846885681,yellow
2823,Turkey,Iskenderun (Assan Port),36.684114027829715,36.195595264434814,yellow
3018,Turkey,Iskenderun (Limak Port),36.59581324375453,36.19014501571655,yellow
497,Turkey,Istanbul,40.95927320242441,28.67135524749756,yellow
498,Turkey,Izmir,38.44608543827432,27.153096199035645,yellow
3232,Turkey,Kars (RR),40.57567490407731,43.024536831761324,blue
3125,Turkey,Kayseri (RR),38.7600880826762,35.33306853686827,blue
3051,Turkey,Limas,40.716281593332084,29.886631965637207,yellow
499,Turkey,Mersin,36.801746716564196,34.64262843132019,yellow
2810,Turkey,Samsun,41.30402185512111,36.33719444274902,yellow
2952,Turkey,Tekirdag,40.898462840536766,27.470970153808594,yellow
3098,Turkey,Trabzon,41.0034451193995,39.74349153285448,yellow
2984,Turkey,Yarimca (Izmit Korfezi),40.76022818627338,29.74320888519287,yellow
3190,Turks and Caicos Islands,Providenciales,21.73924971646806,-72.28046741131081,yellow
3220,Tuvalu,Funafuti,-8.502785896265909,179.1944508623335,yellow
1536,Uganda,Kampala (ICD),0.33633366781774154,32.61583060026169,blue
3159,Ukraine,Dnipro (RR),48.49365135953211,35.01897321155036,blue
501,Ukraine,Ilyichevsk,46.31481313479905,30.665459632873535,yellow
3145,Ukraine,Kharkiv (RR),49.95990777070026,36.238052334667145,blue
500,Ukraine,Odessa,46.48657423574958,30.7562255859375,yellow
3219,Ukraine,Reni (IP),45.414312841962385,28.287622972306842,blue
3062,Ukraine,Yuzhny,46.65566341739262,31.011999718628203,yellow
3209,Ukraine,Zaporizhzhyia (RR),47.85131218655345,35.25735063024412,blue
502,United Arab Emirates,Abu Dhabi (Khalifa),24.80169495167004,54.652862548828125,yellow
1345,United Arab Emirates,Ajman,25.422501196813602,55.45570135116577,yellow
503,United Arab Emirates,Dubai (Jebel Ali),24.995782367241738,55.06424903869629,yellow
2941,United Arab Emirates,Fujairah,25.17805854252476,56.358768939971924,yellow
505,United Arab Emirates,Khor al Fakkan,25.353925472228706,56.365506649017334,yellow
3071,United Arab Emirates,Ras al Khaimah,25.9808579165899,56.05696128039426,yellow
2928,United Arab Emirates,Ruwais,24.13533786320148,52.75212049484253,yellow
506,United Arab Emirates,Sharjah,25.359432353224534,55.37127077579498,yellow
3072,United Arab Emirates,Umm al Qaiwain,25.58563724112812,55.58119357928763,yellow
3225,United Kingdom,Avonmouth,51.5079646963255,-2.7040581008026177,yellow
373,United Kingdom,Belfast,54.63163604917437,-5.884777307510376,yellow
2969,United Kingdom,Birmingham (RR),52.484465925509575,-1.8691027164459229,blue
171,United Kingdom,"Bristol, Portbury",51.49508810867016,-2.722592353820801,yellow
2649,United Kingdom,Cannock (ICD),52.680402027678376,-2.020690441131592,blue
586,United Kingdom,Cardiff,51.45947539955564,-3.152003288269043,yellow
3187,United Kingdom,Cardiff (RR),51.51220121931429,-3.0956671062302887,blue
2647,United Kingdom,Coatbridge (RR),55.87224712958334,-4.041541814804077,blue
3227,United Kingdom,Derby (RR),52.84083396693114,-1.3004620179153892,blue
2974,United Kingdom,Doncaster (RR),53.50696217457767,-1.1262273788452148,blue
173,United Kingdom,Felixstowe,51.960623822714304,1.2929964065551758,yellow
434,United Kingdom,Grangemouth,56.0256701340983,-3.6962127685546875,yellow
433,United Kingdom,Greenock / Glasgow,55.956726329937574,-4.76232647895813,yellow
175,United Kingdom,Hull,53.73886335315118,-0.2599436044692993,yellow
176,United Kingdom,Immingham,53.629519070696304,-0.19360721111297607,yellow
2975,United Kingdom,Irlam (IP),53.43409575297006,-2.416691780090332,blue
2648,United Kingdom,Leeds (RR),53.76823388807799,-1.5084260702133179,blue
180,United Kingdom,Liverpool,53.46081732077663,-3.0214977264404297,yellow
2845,United Kingdom,London Gateway Port,51.50368057485671,0.5022382736206055,yellow
2757,United Kingdom,Manchester (RR),53.461992632595226,-2.3001766204833984,blue
3228,United Kingdom,Northampton (RR),52.34823767191871,-1.1679695243825683,blue
2924,United Kingdom,Portsmouth,50.80956870699081,-1.0913801193237305,yellow
2775,United Kingdom,South Shields,54.98568500214283,-1.4571905136108398,yellow
188,United Kingdom,Southampton,50.90709224009533,-1.4601516723632812,yellow
3226,United Kingdom,Tamworth (RR),52.59010875456808,-1.631752769931063,blue
190,United Kingdom,Teesport,54.60793108593014,-1.1553239822387695,yellow
191,United Kingdom,Thamesport,51.43232037501935,0.6834912300109863,yellow
192,United Kingdom,Tilbury,51.45903420098401,0.3331947326660156,yellow
3201,United Kingdom,Wakefield (RR),53.71359968260792,-1.408799818837012,blue
3129,United Kingdom,Widnes (RR),53.35545260950905,-2.748725210233488,blue
2935,United States,"Amarillo, TX (RR)",35.13132107600191,-101.8553102016449,blue
2546,United States,"Anchorage, AK",61.241195061281374,-149.88823413848877,yellow
510,United States,"Atlanta, GA (RR)",33.75348289913483,-84.35786068439484,blue
2803,United States,"Auburn, ME (RR)",44.05269613558888,-70.28838157653809,blue
2588,United States,"Austell, GA (RR)",33.82912518406563,-84.66193199157715,blue
511,United States,"Baltimore, MD",39.25416433374543,-76.54720902442932,yellow
2703,United States,"Bedford Park, IL (RR)",41.76511808868043,-87.77971029281616,blue
2985,United States,"Bessemer, AL (RR)",33.41290183968875,-86.9475120306015,blue
513,United States,"Birmingham, AL (RR)",33.532666500864984,-86.838818192482,blue
514,United States,"Boston, MA",42.3421308172941,-71.01810872554779,yellow
516,United States,"Buffalo, NY (RR)",42.88823608167647,-78.78971815109253,blue
518,United States,"Charleston, SC",32.83607516059452,-79.89053964614868,yellow
2586,United States,"Charleston, SC (RR)",32.871569967708126,-80.00441282987595,blue
520,United States,"Charlotte, NC (RR)",35.240948767454874,-80.81945300102234,blue
2704,United States,"Chesapeake, VA (RR)",36.799818075713176,-76.2632703781128,blue
2977,United States,"Chester, PA",39.85050677034694,-75.33915281295776,yellow
521,United States,"Chicago, IL (RR)",41.8175966281295,-87.7139264345169,blue
3107,United States,"Chippewa Falls, WI (RR)",44.9287540457071,-91.41106024785347,blue
2705,United States,"Cicero, IL (RR)",41.8421672903816,-87.7613639831543,blue
522,United States,"Cincinnati, OH (RR)",39.121441741752406,-84.53948378562927,blue
2589,United States,"City of Commerce, CA (RR)",34.010078881328724,-118.17797899246216,blue
1189,United States,"City of Industry, CA (RR)",34.00987432937031,-117.94134378433228,blue
523,United States,"Cleveland, OH (RR)",41.56960160009386,-81.56272262334824,blue
524,United States,"Columbus, OH (RR)",39.89537404313762,-82.94760346412659,blue
2916,United States,"Council Bluffs, IA (RR)",41.23475749117666,-95.83758115768433,blue
3162,United States,"Crandall, GA (RR)",34.90032536817949,-84.74760055541992,blue
525,United States,"Dallas, TX (RR)",32.621068984366055,-96.69795870780945,blue
2914,United States,"Decatur, IL (RR)",39.86798288805939,-88.9072036743164,blue
526,United States,"Denver, CO (RR)",39.774501706578015,-104.9643530467493,blue
528,United States,"Detroit, MI (RR)",42.31937136625944,-83.11665773391724,blue
3132,United States,"Dillon, SC (RR)",34.38832438320125,-79.3946400220018,blue
3133,United States,"Duluth, MN (RR)",46.756911823645616,-92.096591175696,blue
2706,United States,"Dutch Harbor, AK",53.88291801762164,-166.53039693832397,yellow
3002,United States,"East Saint Louis, IL (RR)",38.64348940273455,-90.09679555892944,blue
3212,United States,"Edgerton, KS (RR)",38.789146543993944,-94.96109719741273,blue
529,United States,"El Paso, TX (RR)",31.752702205570145,-106.38492822647095,blue
1197,United States,"Elwood, IL (RR)",41.3904530535892,-88.15069198608398,blue
2580,United States,"Evansville, IN (RR)",37.961413348547055,-87.60689556598663,blue
2582,United States,"Fairburn, GA (RR)",33.54106380163197,-84.60678577423096,blue
2590,United States,"Fargo, MN (RR)",46.874399303163855,-96.69956803321838,blue
3087,United States,"Fort Lauderdale, FL (RR)",26.070899821327153,-80.12610453526815,blue
533,United States,"Fort Worth, TX (RR)",32.99535131714465,-97.35229969024658,blue
3049,United States,"Freeport, TX",28.94184761130725,-95.33106207847595,yellow
3020,United States,"Front Royal, VA (RR)",38.98720105887911,-78.17532062530518,blue
3000,United States,"Georgetown, KY (RR)",38.26909186617743,-84.55018043518066,blue
532,United States,"Greensboro, NC (RR)",36.0577468642128,-79.84976470470428,blue
2850,United States,"Greer, Greenville, SC (RR)",34.93359974097145,-82.20001816749573,blue
2811,United States,"Gulfport, MS",30.360452394788435,-89.09197568893433,yellow
534,United States,"Honolulu, HI",21.31363430811275,-157.88107752799988,yellow
535,United States,"Houston, TX",29.681164654478266,-94.99910116195679,yellow
536,United States,"Huntsville, AL (RR)",34.644135961581064,-86.76036357879639,blue
2995,United States,"Indianapolis, IN (RR)",39.745358641453315,-86.16508483886719,blue
538,United States,"Jacksonville, FL",30.353842307217075,-81.61998510360718,yellow
2585,United States,"Jacksonville, FL (RR)",30.385048827235966,-81.76839709281921,blue
540,United States,"Kansas City, KS (RR)",39.08851027899031,-94.68617856502533,blue
2840,United States,"Kansas City, MO (RR)",39.182201435581625,-94.43151891231537,blue
3126,United States,"Kodiak, AK",57.78183869472083,-152.4333663135476,yellow
1208,United States,"Laredo, TX (RR)",27.66539928891292,-99.45644438266754,blue
543,United States,"Los Angeles, CA",33.73133529853226,-118.25254440307617,yellow
544,United States,"Louisville, KY (RR)",38.18662711153819,-85.68222284317017,blue
1210,United States,"Lubbock, TX (RR)",33.58052197384088,-101.8336433172226,blue
2702,United States,"Maple Heights, OH (RR)",41.413847288073,-81.57338976860046,blue
3085,United States,"Marion, AR (RR)",35.196136385067355,-90.26560054055733,blue
2982,United States,"Marysville, OH (RR)",40.28532041651329,-83.51463317871094,blue
3053,United States,"McCalla, AL (RR)",33.296483350366366,-87.04430633933708,blue
545,United States,"Memphis, TN (RR)",35.02491829341433,-89.89319443702698,blue
546,United States,"Miami, FL",25.765894946351956,-80.14987707138062,yellow
547,United States,"Milwaukee, WI (RR)",43.01856432033714,-87.90053844451904,blue
548,United States,"Minneapolis, MN (RR)",45.02122510499834,-93.25129866600037,blue
549,United States,"Mobile, AL",30.66869299489457,-88.03327560424805,yellow
3117,United States,"Morrisville, PA (IP)",40.19160865431775,-74.83843036051178,blue
550,United States,"Nashville, TN (RR)",36.09045198261051,-86.75876498222351,blue
551,United States,"New Orleans, LA",29.911546886935003,-90.10794281959534,yellow
552,United States,"New York, NJ",40.66233705871367,-74.14632081985474,yellow
554,United States,"Norfolk, VA",36.911933488057954,-76.32768630981445,yellow
2900,United States,"North Baltimore, OH (RR)",41.18548520860667,-83.73729944229126,blue
555,United States,"Oakland, CA",37.79668687644664,-122.31810808181763,yellow
557,United States,"Omaha, NE (RR)",41.22218080731485,-95.92392683029175,blue
2786,United States,"Palm Beach, FL",26.769727977111717,-80.05231976509094,yellow
559,United States,"Philadelphia, PA",39.89994640261794,-75.13516545295715,yellow
2801,United States,"Philadelphia, PA (RR)",39.899596592912864,-75.15296459197998,blue
560,United States,"Pittsburgh, PA (RR)",40.39736077223041,-79.78639483451843,blue
3265,United States,"Pocatello, ID (RR)",42.89437749198131,-112.4869161639128,blue
1135,United States,"Port Everglades, FL",26.069620462114727,-80.11539459228516,yellow
3151,United States,"Portland, ME",43.64696220630043,-70.25702810287476,yellow
1435,United States,"Portland, OR",45.6399301337501,-122.7473258972168,yellow
562,United States,"Portland, OR (RR)",45.55181151919642,-122.72032141685486,blue
3014,United States,"Prichard, WV (RR)",38.23376428661895,-82.60909795761108,blue
3091,United States,"Richmond, VA (IP)",37.45773037982738,-77.42050271854953,blue
2581,United States,"Rochelle, IL (RR)",41.90397788972286,-89.1086483001709,blue
565,United States,"Salt Lake City, UT (RR)",40.75130058244446,-112.01119422912598,blue
1350,United States,"San Antonio, TX (RR)",29.309677785094813,-98.64169120788574,blue
2998,United States,"Santa Teresa, NM (RR)",31.906725479141404,-106.7562210559845,blue
569,United States,"Savannah, GA",32.129936719622414,-81.13973021507263,yellow
570,United States,"Seattle, WA",47.57853052523105,-122.34523057937622,yellow
3046,United States,"Sharonville, OH (RR)",39.2627775815765,-84.42389667034149,blue
571,United States,"St. Louis, MO (RR)",38.60486104937933,-90.31224131584167,blue
2672,United States,"St. Paul, MN (RR)",44.97075662832002,-93.17445874214172,blue
572,United States,"Tacoma, WA",47.270606654081774,-122.41870164871216,yellow
573,United States,"Tampa, FL",27.911623452382454,-82.4288535118103,yellow
2587,United States,"Tampa, FL (RR)",27.959770237144063,-82.38462924957275,blue
3086,United States,"Tucson, AZ (RR)",32.12828797155758,-110.84826977671827,blue
1232,United States,"Wilmington, NC",34.19111812683386,-77.95634508132935,yellow
3019,United States,"Winter Haven, FL (RR)",27.942720605903233,-81.69470071792603,blue
1748,United States,"Worcester, MA (RR)",42.22578442926208,-71.79081559181213,blue
3045,United States,"Wylie, TX (RR)",33.02962418865121,-96.4972972869873,blue
507,Uruguay,Montevideo,-34.903499823487934,-56.21859133243561,yellow
1425,Uzbekistan,Samarkand (ICD),39.69674880832664,66.83883547782898,blue
1426,Uzbekistan,Tashkent (RR),41.29553444648868,69.30071711540222,blue
1354,Vanuatu,Port Vila,-17.756457403882074,168.29958200454712,yellow
3273,Vanuatu,Santo,-15.515580867820633,167.18843277862896,yellow
1355,Venezuela,El Guamache,10.865675826639414,-64.06321048736572,yellow
1083,Venezuela,Guanta,10.24624338854959,-64.59539830684662,yellow
578,Venezuela,La Guaira,10.603540333325189,-66.94280326366425,yellow
2571,Venezuela,Maracaibo,10.642361605765872,-71.59902155399323,yellow
580,Venezuela,Puerto Cabello,10.469170184209252,-67.99863338470459,yellow
3173,Viet Nam,Can Tho (IP),9.98429141065416,105.83553690717133,blue
3115,Viet Nam,Chu Lai,15.477165646708954,108.62899468903129,yellow
3172,Viet Nam,Cua Lo,18.8298724495138,105.71103488125505,yellow
581,Viet Nam,Da Nang,16.1175846494896,108.2157289981842,yellow
2917,Viet Nam,Dong Nai,10.899791021585353,106.8410325050354,yellow
582,Viet Nam,Haiphong,20.839400830786985,106.77419185638428,yellow
2493,Viet Nam,Ho Chi Minh,10.761457101063005,106.79802060127258,yellow
2689,Viet Nam,Qui Nhon,13.777463400439037,109.24798250198364,yellow
2932,Viet Nam,Vung Tau / Cai Mep,10.513551825977801,107.01202869415283,yellow
1080,Virgin Islands (British),"Road Town, Tortola",18.42608203625694,-64.60945308208466,yellow
1357,Virgin Islands (U.S.),"Charlotte Amalie, St. Thomas",18.335370206973746,-64.94972884654999,yellow
1642,Virgin Islands (U.S.),"Christiansted, St. Croix",17.69517630739893,-64.75461959838867,yellow
1643,Wallis and Futuna,Mata-Utu,-13.285457312882334,-176.16866827011108,yellow
587,Yemen,Aden,12.804038595032194,44.99593377113342,yellow
588,Yemen,Hodeidah,14.839244185922002,42.935965061187744,yellow
3088,Yemen,Mukalla,14.520967704378318,49.149821470990105,yellow
1538,Zimbabwe,Harare (RR),-17.86846477397741,30.962798595428467,blue
3093,Zimbabwe,Mutare (RR),-18.989867362317465,32.66662806272507,blue
